,sitename,location,latitude,longitude,elevation,first_im_date,last_im_date,last_updated,dominant_species,num_images,MINYEAR,MAXYEAR,2013_yrly_budburst_tdate,2013_yrly_budburst_doy,2013_yrly_budburst_dur,2014_yrly_budburst_tdate,2014_yrly_budburst_doy,2014_yrly_budburst_dur,2014_diff_yrly_budburst_tdate,2014_diff_yrly_budburst_dur,2014_diff_yrly_budburst_dur_prcnt,2015_yrly_budburst_tdate,2015_yrly_budburst_doy,2015_yrly_budburst_dur,2015_diff_yrly_budburst_tdate,2015_diff_yrly_budburst_dur,2015_diff_yrly_budburst_dur_prcnt,2016_yrly_budburst_tdate,2016_yrly_budburst_doy,2016_yrly_budburst_dur,2016_diff_yrly_budburst_tdate,2016_diff_yrly_budburst_dur,2016_diff_yrly_budburst_dur_prcnt,2017_yrly_budburst_tdate,2017_yrly_budburst_doy,2017_yrly_budburst_dur,2017_diff_yrly_budburst_tdate,2017_diff_yrly_budburst_dur,2017_diff_yrly_budburst_dur_prcnt,2018_yrly_budburst_tdate,2018_yrly_budburst_doy,2018_yrly_budburst_dur,2018_diff_yrly_budburst_tdate,2018_diff_yrly_budburst_dur,2018_diff_yrly_budburst_dur_prcnt,2012_yrly_senescence_tdate,2012_yrly_senescence_doy,2012_yrly_senescence_dur,2013_yrly_senescence_tdate,2013_yrly_senescence_doy,2013_yrly_senescence_dur,2013_diff_yrly_senescence_tdate,2013_diff_yrly_senescence_dur,2013_diff_yrly_senescence_dur_prcnt,2014_yrly_senescence_tdate,2014_yrly_senescence_doy,2014_yrly_senescence_dur,2014_diff_yrly_senescence_tdate,2014_diff_yrly_senescence_dur,2014_diff_yrly_senescence_dur_prcnt,2015_yrly_senescence_tdate,2015_yrly_senescence_doy,2015_yrly_senescence_dur,2015_diff_yrly_senescence_tdate,2015_diff_yrly_senescence_dur,2015_diff_yrly_senescence_dur_prcnt,2016_yrly_senescence_tdate,2016_yrly_senescence_doy,2016_yrly_senescence_dur,2016_diff_yrly_senescence_tdate,2016_diff_yrly_senescence_dur,2016_diff_yrly_senescence_dur_prcnt,2017_yrly_senescence_tdate,2017_yrly_senescence_doy,2017_yrly_senescence_dur,2017_diff_yrly_senescence_tdate,2017_diff_yrly_senescence_dur,2017_diff_yrly_senescence_dur_prcnt,2018_yrly_senescence_tdate,2018_yrly_senescence_doy,2018_yrly_senescence_dur,2018_diff_yrly_senescence_tdate,2018_diff_yrly_senescence_dur,2018_diff_yrly_senescence_dur_prcnt,last_budburst_tdate,last_budburst_doy,last_budburst_dur,avg_last3yrs_budburst_tdate,avg_last3yrs_budburst_doy,avg_last3yrs_budburst_dur,avg_diff_yrly_budburst_tdate,avg_diff_yrly_budburst_dur,avg_diff_yrly_budburst_dur_prcnt,diff_firstlast_budburst_tdate,diff_firstlast_budburst_dur,diff_firstlast_budburst_dur_prcnt,last_senescence_tdate,last_senescence_doy,last_senescence_dur,avg_last3yrs_senescence_tdate,avg_last3yrs_senescence_doy,avg_last3yrs_senescence_dur,avg_diff_yrly_senescence_tdate,avg_diff_yrly_senescence_dur,avg_diff_yrly_senescence_dur_prcnt,diff_firstlast_senescence_tdate,diff_firstlast_senescence_dur,diff_firstlast_senescence_dur_prcnt,MIN_BUDBURST_TDATE,MAX_BUDBURST_TDATE,MIN_SENESCENCE_TDATE,MAX_SENESCENCE_TDATE,MIN_BUDBURST_DOY,MAX_BUDBURST_DOY,MIN_SENESCENCE_DOY,MAX_SENESCENCE_DOY,MIN_BUDBURST_DUR,MAX_BUDBURST_DUR,MIN_SENESCENCE_DUR,MAX_SENESCENCE_DUR,MIN_BUDBURST_DIFF_TDATE,MAX_BUDBURST_DIFF_TDATE,MIN_SENESCENCE_DIFF_TDATE,MAX_SENESCENCE_DIFF_TDATE,MIN_BUDBURST_DIFF_DUR,MAX_BUDBURST_DIFF_DUR,MIN_SENESCENCE_DIFF_DUR,MAX_SENESCENCE_DIFF_DUR,MIN_BUDBURST_DIFF_DUR_PRCNT,MAX_BUDBURST_DIFF_DUR_PRCNT,MIN_SENESCENCE_DIFF_DUR_PRCNT,MAX_SENESCENCE_DIFF_DUR_PRCNT,MIN_BUDBURST_RECENT_TDATE,MAX_BUDBURST_RECENT_TDATE,MIN_SENESCENCE_RECENT_TDATE,MAX_SENESCENCE_RECENT_TDATE,MIN_BUDBURST_RECENT_DOY,MAX_BUDBURST_RECENT_DOY,MIN_SENESCENCE_RECENT_DOY,MAX_SENESCENCE_RECENT_DOY,MIN_BUDBURST_RECENT_DUR,MAX_BUDBURST_RECENT_DUR,MIN_SENESCENCE_RECENT_DUR,MAX_SENESCENCE_RECENT_DUR,MIN_BUDBURST_AVG3YRS_TDATE,MAX_BUDBURST_AVG3YRS_TDATE,MIN_SENESCENCE_AVG3YRS_TDATE,MAX_SENESCENCE_AVG3YRS_TDATE,MIN_BUDBURST_AVG3YRS_DOY,MAX_BUDBURST_AVG3YRS_DOY,MIN_SENESCENCE_AVG3YRS_DOY,MAX_SENESCENCE_AVG3YRS_DOY,MIN_BUDBURST_AVG3YRS_DUR,MAX_BUDBURST_AVG3YRS_DUR,MIN_SENESCENCE_AVG3YRS_DUR,MAX_SENESCENCE_AVG3YRS_DUR,MIN_BUDBURST_AVG_DIFF_TDATE,MAX_BUDBURST_AVG_DIFF_TDATE,MIN_SENESCENCE_AVG_DIFF_TDATE,MAX_SENESCENCE_AVG_DIFF_TDATE,MIN_BUDBURST_AVG_DIFF_DUR,MAX_BUDBURST_AVG_DIFF_DUR,MIN_SENESCENCE_AVG_DIFF_DUR,MAX_SENESCENCE_AVG_DIFF_DUR,MIN_BUDBURST_AVG_DIFF_DUR_PRCNT,MAX_BUDBURST_AVG_DIFF_DUR_PRCNT,MIN_SENESCENCE_AVG_DIFF_DUR_PRCNT,MAX_SENESCENCE_AVG_DIFF_DUR_PRCNT,MIN_BUDBURST_TOTAL_DIFF_DOY,MAX_BUDBURST_TOTAL_DIFF_DOY,MIN_SENESCENCE_TOTAL_DIFF_DOY,MAX_SENESCENCE_TOTAL_DIFF_DOY,MIN_BUDBURST_TOTAL_DIFF_DUR,MAX_BUDBURST_TOTAL_DIFF_DUR,MIN_SENESCENCE_TOTAL_DIFF_DUR,MAX_SENESCENCE_TOTAL_DIFF_DUR,MIN_BUDBURST_TOTAL_DIFF_DUR_PRCNT,MAX_BUDBURST_TOTAL_DIFF_DUR_PRCNT,MIN_SENESCENCE_TOTAL_DIFF_DUR_PRCNT,MAX_SENESCENCE_TOTAL_DIFF_DUR_PRCNT,2009_yrly_budburst_tdate,2009_yrly_budburst_doy,2009_yrly_budburst_dur,2010_yrly_budburst_tdate,2010_yrly_budburst_doy,2010_yrly_budburst_dur,2010_diff_yrly_budburst_tdate,2010_diff_yrly_budburst_dur,2010_diff_yrly_budburst_dur_prcnt,2011_yrly_budburst_tdate,2011_yrly_budburst_doy,2011_yrly_budburst_dur,2011_diff_yrly_budburst_tdate,2011_diff_yrly_budburst_dur,2011_diff_yrly_budburst_dur_prcnt,2012_yrly_budburst_tdate,2012_yrly_budburst_doy,2012_yrly_budburst_dur,2012_diff_yrly_budburst_tdate,2012_diff_yrly_budburst_dur,2012_diff_yrly_budburst_dur_prcnt,2013_diff_yrly_budburst_tdate,2013_diff_yrly_budburst_dur,2013_diff_yrly_budburst_dur_prcnt,2008_yrly_senescence_tdate,2008_yrly_senescence_doy,2008_yrly_senescence_dur,2009_yrly_senescence_tdate,2009_yrly_senescence_doy,2009_yrly_senescence_dur,2009_diff_yrly_senescence_tdate,2009_diff_yrly_senescence_dur,2009_diff_yrly_senescence_dur_prcnt,2010_yrly_senescence_tdate,2010_yrly_senescence_doy,2010_yrly_senescence_dur,2010_diff_yrly_senescence_tdate,2010_diff_yrly_senescence_dur,2010_diff_yrly_senescence_dur_prcnt,2011_yrly_senescence_tdate,2011_yrly_senescence_doy,2011_yrly_senescence_dur,2011_diff_yrly_senescence_tdate,2011_diff_yrly_senescence_dur,2011_diff_yrly_senescence_dur_prcnt,2012_diff_yrly_senescence_tdate,2012_diff_yrly_senescence_dur,2012_diff_yrly_senescence_dur_prcnt,2008_yrly_budburst_tdate,2008_yrly_budburst_doy,2008_yrly_budburst_dur,2009_diff_yrly_budburst_tdate,2009_diff_yrly_budburst_dur,2009_diff_yrly_budburst_dur_prcnt
0,alligatorriver,"Alligator River National Wildlife Refuge, North Carolina",35.7879,-75.9038,1,05/03/2012,01/13/2019,01/14/2019,"Nyssa sylvatica, Taxodium distichum, Nyssa aquatica, Acer rubrum",2446,2012,2018,4/11/2013,101.0,186.0,4/9/2014,99.0,193.0,-2.0,7.0,0.03763440860215054,4/12/2015,102.0,183.0,3.0,-10.0,-0.05181347150259067,4/3/2016,94.0,193.0,-9.0,10.0,0.0546448087431694,4/8/2017,98.0,184.0,5.0,-9.0,-0.046632124352331605,4/15/2018,105.0,178.0,7.0,-6.0,-0.03260869565217391,10/10/2012,284.0,183.0,10/14/2013,287.0,177.0,4.0,-6.0,-0.03278688524590164,10/19/2014,292.0,175.0,5.0,-2.0,-0.011299435028248588,10/12/2015,285.0,174.0,-7.0,-1.0,-0.005714285714285714,10/13/2016,287.0,177.0,1.0,3.0,0.017241379310344827,10/9/2017,282.0,188.0,-4.0,11.0,0.062146892655367235,10/10/2018,283.0,,1.0,,,4/15/2018,105.0,178.0,4/9,99.0,184.0,0.0,-1.6,-0.00775501483235525,4.0,-8.0,-0.043010752688172046,10/10/2018,283,188.0,10/10,284,178.0,0.0,1.0,0.005917533195455224,0.0,5.0,0.0273224043715847,3/17/2016,5/29/2011,8/30/2017,11/27/2013,77,149,242,331,99,248,119,268,-23,33,-20,38,-23,34,-37,41,-0.11607142857142858,0.23232323232323232,-0.19170984455958548,0.29285714285714287,3/25/2018,5/29/2013,9/24/2013,11/27/2013,84,149,267,331,122,243,120,268,3/25,5/24,9/11,11/26,84,146,255,331,111,241,124,260,-10,18,-15,9,-20.0,34.0,-7.0,20.0,-0.09345794392523364,0.19318181818181818,-0.03082251750616734,0.11834319526627218,-10,36,-15,18,-28,34,-14,20,-0.12903225806451613,0.19318181818181818,-0.09090909090909091,0.11834319526627218,,,,,,,,,,,,,,,,,,,,,,,,,,,,,,,,,,,,,,,,,,,,,,,,,,,,,,
1,arbutuslake,"Arbutus Lake, Huntington Wildlife Forest, Newcomb, New York",43.98207,-74.23322,535,06/12/2008,08/23/2014,03/23/2017,"Fagus grandifolia, Betula alleghaniensis, Acer saccharum, Acer rubrum",2263,2008,2014,5/6/2013,126.0,141.0,5/16/2014,136.0,,10.0,,,,,,,,,,,,,,,,,,,,,,,,,,,9/24/2012,268.0,224.0,9/24/2013,267.0,234.0,0.0,10.0,0.044642857142857144,,,,,,,,,,,,,,,,,,,,,,,,,,,,,,,5/16/2014,136.0,141.0,5/9,131.0,141.0,0.0,2.0,0.01588043035592441,2.0,8.0,0.06015037593984962,9/24/2013,267,234.0,9/24,268,227.0,0.0,0.6,0.0030848224218268288,-1.0,3.0,0.012987012987012988,3/17/2016,5/29/2011,8/30/2017,11/27/2013,77,149,242,331,99,248,119,268,-23,33,-20,38,-23,34,-37,41,-0.11607142857142858,0.23232323232323232,-0.19170984455958548,0.29285714285714287,3/25/2018,5/29/2013,9/24/2013,11/27/2013,84,149,267,331,122,243,120,268,3/25,5/24,9/11,11/26,84,146,255,331,111,241,124,260,-10,18,-15,9,-20.0,34.0,-7.0,20.0,-0.09345794392523364,0.19318181818181818,-0.03082251750616734,0.11834319526627218,-10,36,-15,18,-28,34,-14,20,-0.12903225806451613,0.19318181818181818,-0.09090909090909091,0.11834319526627218,5/14/2009,134.0,133.0,5/2/2010,122.0,145.0,-12.0,12.0,0.09022556390977443,5/7/2011,127.0,142.0,5.0,-3.0,-0.020689655172413793,5/10/2012,131.0,137.0,3.0,-5.0,-0.035211267605633804,-4.0,4.0,0.029197080291970802,9/25/2008,269.0,231.0,9/24/2009,267.0,220.0,-1.0,-11.0,-0.047619047619047616,9/24/2010,267.0,225.0,0.0,5.0,0.022727272727272728,9/26/2011,269.0,227.0,2.0,2.0,0.008888888888888889,-2.0,-3.0,-0.013215859030837005,,,,,,
2,arbutuslakeinlet,"Arbutus Lake Inlet Tower, Huntington Wildlife Forest, Newcomb, New York",43.99336,-74.24527,527,08/19/2015,01/08/2019,01/14/2019,Fagus grandifolia,1238,2016,2018,,,,,,,,,,,,,,,,5/24/2016,145.0,112.0,,,,5/23/2017,143.0,99.0,-1.0,-13.0,-0.11607142857142858,5/25/2018,145.0,122.0,2.0,23.0,0.23232323232323232,,,,,,,,,,,,,,,,,,,,,,9/13/2016,257.0,252.0,,,,8/30/2017,242.0,268.0,-14.0,16.0,0.06349206349206349,9/24/2018,267.0,,25.0,,,5/25/2018,145.0,122.0,5/23,144.0,111.0,0.0,5.0,0.05812590187590187,1.0,10.0,0.08928571428571429,9/24/2018,267,268.0,9/11,255,260.0,5.0,16.0,0.06349206349206349,11.0,16.0,0.06349206349206349,3/17/2016,5/29/2011,8/30/2017,11/27/2013,77,149,242,331,99,248,119,268,-23,33,-20,38,-23,34,-37,41,-0.11607142857142858,0.23232323232323232,-0.19170984455958548,0.29285714285714287,3/25/2018,5/29/2013,9/24/2013,11/27/2013,84,149,267,331,122,243,120,268,3/25,5/24,9/11,11/26,84,146,255,331,111,241,124,260,-10,18,-15,9,-20.0,34.0,-7.0,20.0,-0.09345794392523364,0.19318181818181818,-0.03082251750616734,0.11834319526627218,-10,36,-15,18,-28,34,-14,20,-0.12903225806451613,0.19318181818181818,-0.09090909090909091,0.11834319526627218,,,,,,,,,,,,,,,,,,,,,,,,,,,,,,,,,,,,,,,,,,,,,,,,,,,,,,
3,ashburnham,"Ashburnham State Forest / Overlook Middle School, Ashburnham, Massachusetts",42.6029,-71.926,292,09/13/2011,01/13/2019,01/14/2019,,2679,2012,2015,5/6/2013,126.0,147.0,5/11/2014,131.0,138.0,5.0,-9.0,-0.061224489795918366,5/7/2015,127.0,156.0,-4.0,18.0,0.13043478260869565,,,,,,,,,,,,,,,,,,,9/27/2012,271.0,221.0,9/30/2013,273.0,223.0,3.0,2.0,0.00904977375565611,9/26/2014,269.0,223.0,-4.0,0.0,0.0,10/10/2015,283.0,,14.0,,,,,,,,,,,,,,,,,,,,,5/7/2015,127.0,156.0,5/3,128.0,149.0,5.0,-0.6666666666666666,-0.00013665345059322523,15.0,-2.0,-0.012658227848101266,10/10/2015,283,223.0,9/30,275,222.0,4.0,1.0,0.004524886877828055,13.0,2.0,0.00904977375565611,3/17/2016,5/29/2011,8/30/2017,11/27/2013,77,149,242,331,99,248,119,268,-23,33,-20,38,-23,34,-37,41,-0.11607142857142858,0.23232323232323232,-0.19170984455958548,0.29285714285714287,3/25/2018,5/29/2013,9/24/2013,11/27/2013,84,149,267,331,122,243,120,268,3/25,5/24,9/11,11/26,84,146,255,331,111,241,124,260,-10,18,-15,9,-20.0,34.0,-7.0,20.0,-0.09345794392523364,0.19318181818181818,-0.03082251750616734,0.11834319526627218,-10,36,-15,18,-28,34,-14,20,-0.12903225806451613,0.19318181818181818,-0.09090909090909091,0.11834319526627218,,,,,,,,,,,,,,,,4/22/2012,113.0,158.0,,,,14.0,-11.0,-0.06962025316455696,,,,,,,,,,,,,,,,,,,,,,,,,,,,,,
4,asuhighlands,"Appalachian State University, Boone, NC",36.2076,-81.7032,1016,07/12/2016,01/13/2019,01/14/2019,"Liriodendron tulipifera, Pinus strobus, Prunus serotina, Robinia pseudoacacia, Betula lenta",915,2016,2018,,,,,,,,,,,,,,,,,,,,,,4/26/2017,116.0,160.0,,,,5/6/2018,126.0,168.0,10.0,8.0,0.05,,,,,,,,,,,,,,,,,,,,,,10/9/2016,283.0,199.0,,,,10/3/2017,276.0,215.0,-6.0,16.0,0.08040201005025126,10/21/2018,294.0,,18.0,,,5/6/2018,126.0,168.0,4/30,121.0,164.0,10.0,8.0,0.05,10.0,8.0,0.05,10/21/2018,294,215.0,10/10,284,207.0,6.0,16.0,0.08040201005025126,12.0,16.0,0.08040201005025126,3/17/2016,5/29/2011,8/30/2017,11/27/2013,77,149,242,331,99,248,119,268,-23,33,-20,38,-23,34,-37,41,-0.11607142857142858,0.23232323232323232,-0.19170984455958548,0.29285714285714287,3/25/2018,5/29/2013,9/24/2013,11/27/2013,84,149,267,331,122,243,120,268,3/25,5/24,9/11,11/26,84,146,255,331,111,241,124,260,-10,18,-15,9,-20.0,34.0,-7.0,20.0,-0.09345794392523364,0.19318181818181818,-0.03082251750616734,0.11834319526627218,-10,36,-15,18,-28,34,-14,20,-0.12903225806451613,0.19318181818181818,-0.09090909090909091,0.11834319526627218,,,,,,,,,,,,,,,,,,,,,,,,,,,,,,,,,,,,,,,,,,,,,,,,,,,,,,
5,bostoncommon,"Boston Common, Boston, Massachusetts",42.355912,-71.064145,10,05/06/2010,01/13/2019,01/14/2019,"Ulmus spp., Quercus spp., Acer spp., Tilia spp.",3174,2010,2015,4/26/2013,116.0,200.0,5/7/2014,127.0,195.0,11.0,-5.0,-0.025,5/4/2015,124.0,,-3.0,,,,,,,,,,,,,,,,,,,,,11/18/2012,323.0,159.0,11/12/2013,316.0,176.0,-6.0,17.0,0.1069182389937107,11/18/2014,322.0,167.0,6.0,-9.0,-0.05113636363636364,,,,,,,,,,,,,,,,,,,,,,,,,5/4/2015,124.0,195.0,4/26,122.0,207.0,2.0,-6.333333333333333,-0.029104114686852454,9.0,-19.0,-0.08878504672897196,11/18/2014,322,167.0,11/17,320,160.0,0.0,2.0,0.01897007917567803,1.0,8.0,0.050314465408805034,3/17/2016,5/29/2011,8/30/2017,11/27/2013,77,149,242,331,99,248,119,268,-23,33,-20,38,-23,34,-37,41,-0.11607142857142858,0.23232323232323232,-0.19170984455958548,0.29285714285714287,3/25/2018,5/29/2013,9/24/2013,11/27/2013,84,149,267,331,122,243,120,268,3/25,5/24,9/11,11/26,84,146,255,331,111,241,124,260,-10,18,-15,9,-20.0,34.0,-7.0,20.0,-0.09345794392523364,0.19318181818181818,-0.03082251750616734,0.11834319526627218,-10,36,-15,18,-28,34,-14,20,-0.12903225806451613,0.19318181818181818,-0.09090909090909091,0.11834319526627218,,,,,,,,,,4/25/2011,115.0,214.0,,,,4/11/2012,102.0,221.0,-14.0,7.0,0.03271028037383177,15.0,-21.0,-0.09502262443438914,,,,,,,,,,11/17/2010,321.0,159.0,,,,11/25/2011,329.0,138.0,8.0,-21.0,-0.1320754716981132,-7.0,21.0,0.15217391304347827,,,,,,
6,bullshoals,"Bull Shoals Field Station, Missouri State University, Drury-Mincy Conservation Area, Missouri",36.562833,-93.06663,260,11/20/2013,01/13/2019,01/14/2019,"Quercus alba, Quercus stellata, Quercus muehlenbergii, Quercus velutina, Quercus marilandica, Quercus falcata, Carya cordiformis, Carya tomentosa, Fraxinus americana, Diospyros virginiana, Cercis canadensis, Bumelia lanuginosa, Juniperus virginiana",1880,2014,2018,,,,4/20/2014,110.0,185.0,,,,4/10/2015,100.0,187.0,-10.0,2.0,0.010810810810810811,4/10/2016,101.0,192.0,0.0,5.0,0.026737967914438502,4/10/2017,100.0,195.0,0.0,3.0,0.015625,4/26/2018,116.0,180.0,16.0,-15.0,-0.07692307692307693,,,,,,,,,,10/22/2014,295.0,170.0,,,,10/14/2015,287.0,179.0,-8.0,9.0,0.052941176470588235,10/19/2016,293.0,173.0,5.0,-6.0,-0.0335195530726257,10/22/2017,295.0,186.0,3.0,13.0,0.07514450867052024,10/23/2018,296.0,,1.0,,,4/26/2018,116.0,180.0,4/13,105.0,188.0,1.0,-1.25,-0.005937324549456904,6.0,-5.0,-0.02702702702702703,10/23/2018,296,186.0,10/19,294,177.0,0.0,5.333333333333333,0.03152204402282759,1.0,16.0,0.09411764705882353,3/17/2016,5/29/2011,8/30/2017,11/27/2013,77,149,242,331,99,248,119,268,-23,33,-20,38,-23,34,-37,41,-0.11607142857142858,0.23232323232323232,-0.19170984455958548,0.29285714285714287,3/25/2018,5/29/2013,9/24/2013,11/27/2013,84,149,267,331,122,243,120,268,3/25,5/24,9/11,11/26,84,146,255,331,111,241,124,260,-10,18,-15,9,-20.0,34.0,-7.0,20.0,-0.09345794392523364,0.19318181818181818,-0.03082251750616734,0.11834319526627218,-10,36,-15,18,-28,34,-14,20,-0.12903225806451613,0.19318181818181818,-0.09090909090909091,0.11834319526627218,,,,,,,,,,,,,,,,,,,,,,,,,,,,,,,,,,,,,,,,,,,,,,,,,,,,,,
7,canadaoa2,"Prince Albert National Park, Saskatchewan, Canada",53.62889,-106.19779,601,06/16/2016,07/21/2018,01/14/2019,,765,2016,2018,,,,,,,,,,,,,,,,,,,,,,5/11/2017,131.0,141.0,,,,5/10/2018,130.0,,-1.0,,,,,,,,,,,,,,,,,,,,,,,,9/27/2016,271.0,226.0,,,,9/29/2017,272.0,223.0,2.0,-3.0,-0.01327433628318584,,,,,,,5/10/2018,130.0,141.0,5/10,130.0,141.0,-1.0,,,-1.0,0.0,0.0,9/29/2017,272,223.0,9/27,271,224.0,2.0,-3.0,-0.01327433628318584,2.0,-3.0,-0.01327433628318584,3/17/2016,5/29/2011,8/30/2017,11/27/2013,77,149,242,331,99,248,119,268,-23,33,-20,38,-23,34,-37,41,-0.11607142857142858,0.23232323232323232,-0.19170984455958548,0.29285714285714287,3/25/2018,5/29/2013,9/24/2013,11/27/2013,84,149,267,331,122,243,120,268,3/25,5/24,9/11,11/26,84,146,255,331,111,241,124,260,-10,18,-15,9,-20.0,34.0,-7.0,20.0,-0.09345794392523364,0.19318181818181818,-0.03082251750616734,0.11834319526627218,-10,36,-15,18,-28,34,-14,20,-0.12903225806451613,0.19318181818181818,-0.09090909090909091,0.11834319526627218,,,,,,,,,,,,,,,,,,,,,,,,,,,,,,,,,,,,,,,,,,,,,,,,,,,,,,
8,canadaOA,"BERMS Old Aspen Site, Prince Albert National Park, Saskatchewan, Canada",53.62889,-106.19779,601,06/16/2011,09/08/2016,06/04/2017,Populus tremuloides,1911,2011,2016,5/15/2013,135.0,140.0,5/22/2014,142.0,124.0,7.0,-16.0,-0.11428571428571428,5/16/2015,136.0,137.0,-6.0,13.0,0.10483870967741936,5/4/2016,125.0,,-12.0,,,,,,,,,,,,,,,9/27/2012,271.0,230.0,10/2/2013,275.0,232.0,5.0,2.0,0.008695652173913044,9/23/2014,266.0,235.0,-9.0,3.0,0.01293103448275862,9/30/2015,273.0,217.0,7.0,-18.0,-0.07659574468085106,,,,,,,,,,,,,,,,,,,5/4/2016,125.0,137.0,5/13,134.0,135.0,-1.0,-0.6666666666666666,-0.0007509200013261266,-7.0,-2.0,-0.014388489208633094,9/30/2015,273,217.0,9/27,271,228.0,0.0,-1.75,-0.007045835934616279,0.0,-7.0,-0.03125,3/17/2016,5/29/2011,8/30/2017,11/27/2013,77,149,242,331,99,248,119,268,-23,33,-20,38,-23,34,-37,41,-0.11607142857142858,0.23232323232323232,-0.19170984455958548,0.29285714285714287,3/25/2018,5/29/2013,9/24/2013,11/27/2013,84,149,267,331,122,243,120,268,3/25,5/24,9/11,11/26,84,146,255,331,111,241,124,260,-10,18,-15,9,-20.0,34.0,-7.0,20.0,-0.09345794392523364,0.19318181818181818,-0.03082251750616734,0.11834319526627218,-10,36,-15,18,-28,34,-14,20,-0.12903225806451613,0.19318181818181818,-0.09090909090909091,0.11834319526627218,,,,,,,,,,,,,,,,5/11/2012,132.0,139.0,,,,4.0,1.0,0.007194244604316547,,,,,,,,,,,,,,,,9/30/2011,273.0,224.0,,,,-3.0,6.0,0.026785714285714284,,,,,,
9,downerwoods,"UW-Milwaukee Field Station, Downer Woods Natural Area, Milwaukee, Wisconsin",43.07938,-87.88076,213,03/25/2013,01/13/2019,01/14/2019,"Tilia americana, Fraxinus americana, Quercus alba, Quercus rubra",2120,2013,2018,5/16/2013,136.0,161.0,5/20/2014,140.0,145.0,4.0,-16.0,-0.09937888198757763,5/15/2015,135.0,153.0,-5.0,8.0,0.05517241379310345,5/18/2016,139.0,151.0,3.0,-2.0,-0.013071895424836602,5/14/2017,134.0,155.0,-4.0,4.0,0.026490066225165563,5/16/2018,136.0,146.0,2.0,-9.0,-0.05806451612903226,,,,10/24/2013,297.0,208.0,,,,10/12/2014,285.0,215.0,-12.0,7.0,0.03365384615384615,10/15/2015,288.0,216.0,3.0,1.0,0.004651162790697674,10/16/2016,290.0,210.0,1.0,-6.0,-0.027777777777777776,10/16/2017,289.0,212.0,0.0,2.0,0.009523809523809525,10/9/2018,282.0,,-7.0,,,5/16/2018,136.0,146.0,5/15,136.0,151.0,0.0,-3.0,-0.0177705627046355,0.0,-15.0,-0.09316770186335403,10/9/2018,282,212.0,10/13,287,213.0,-3.0,1.0,0.005012760172643894,-15.0,4.0,0.019230769230769232,3/17/2016,5/29/2011,8/30/2017,11/27/2013,77,149,242,331,99,248,119,268,-23,33,-20,38,-23,34,-37,41,-0.11607142857142858,0.23232323232323232,-0.19170984455958548,0.29285714285714287,3/25/2018,5/29/2013,9/24/2013,11/27/2013,84,149,267,331,122,243,120,268,3/25,5/24,9/11,11/26,84,146,255,331,111,241,124,260,-10,18,-15,9,-20.0,34.0,-7.0,20.0,-0.09345794392523364,0.19318181818181818,-0.03082251750616734,0.11834319526627218,-10,36,-15,18,-28,34,-14,20,-0.12903225806451613,0.19318181818181818,-0.09090909090909091,0.11834319526627218,,,,,,,,,,,,,,,,,,,,,,,,,,,,,,,,,,,,,,,,,,,,,,,,,,,,,,
10,dukehw,"Hardwood Stand, Duke Forest, North Carolina",35.973583,-79.100371,400,05/31/2013,01/13/2019,01/14/2019,"Carya tomentosa, Liriodendron tulipifera, Liquidambar styraciflua, Carya glabra, Quercus alba, Acer rubrum",2053,2013,2018,,,,4/6/2014,96.0,198.0,,,,4/4/2015,94.0,199.0,-2.0,1.0,0.005050505050505051,3/17/2016,77.0,224.0,-18.0,25.0,0.12562814070351758,3/28/2017,87.0,214.0,11.0,-10.0,-0.044642857142857144,4/5/2018,95.0,200.0,8.0,-14.0,-0.06542056074766354,,,,10/17/2013,290.0,171.0,,,,10/21/2014,294.0,165.0,4.0,-6.0,-0.03508771929824561,10/20/2015,293.0,149.0,-1.0,-16.0,-0.09696969696969697,10/27/2016,301.0,152.0,7.0,3.0,0.020134228187919462,10/28/2017,301.0,159.0,1.0,7.0,0.046052631578947366,10/22/2018,295.0,,-6.0,,,4/5/2018,95.0,200.0,3/28,86.0,209.0,0.0,0.5,0.005153806965875484,-1.0,2.0,0.010101010101010102,10/22/2018,295,159.0,10/23,299,156.0,1.0,-3.0,-0.01646763912526894,5.0,-12.0,-0.07017543859649122,3/17/2016,5/29/2011,8/30/2017,11/27/2013,77,149,242,331,99,248,119,268,-23,33,-20,38,-23,34,-37,41,-0.11607142857142858,0.23232323232323232,-0.19170984455958548,0.29285714285714287,3/25/2018,5/29/2013,9/24/2013,11/27/2013,84,149,267,331,122,243,120,268,3/25,5/24,9/11,11/26,84,146,255,331,111,241,124,260,-10,18,-15,9,-20.0,34.0,-7.0,20.0,-0.09345794392523364,0.19318181818181818,-0.03082251750616734,0.11834319526627218,-10,36,-15,18,-28,34,-14,20,-0.12903225806451613,0.19318181818181818,-0.09090909090909091,0.11834319526627218,,,,,,,,,,,,,,,,,,,,,,,,,,,,,,,,,,,,,,,,,,,,,,,,,,,,,,
11,freemanwood,"Woodland Site, Texas State University, Freeman Ranch, San Marcos, Texas",29.94,-97.99,254,06/27/2012,03/21/2014,03/23/2017,"Quercus virginiana, Juniperus ashei",632,2013,2013,4/10/2013,100.0,231.0,,,,,,,,,,,,,,,,,,,,,,,,,,,,,,,,,,11/27/2013,331.0,,,,,,,,,,,,,,,,,,,,,,,,,,,,,,,,,,,4/10/2013,100.0,231.0,4/9,100.0,231.0,,,,,0.0,0.0,11/27/2013,331,,11/26,331,,,,,,,,3/17/2016,5/29/2011,8/30/2017,11/27/2013,77,149,242,331,99,248,119,268,-23,33,-20,38,-23,34,-37,41,-0.11607142857142858,0.23232323232323232,-0.19170984455958548,0.29285714285714287,3/25/2018,5/29/2013,9/24/2013,11/27/2013,84,149,267,331,122,243,120,268,3/25,5/24,9/11,11/26,84,146,255,331,111,241,124,260,-10,18,-15,9,-20.0,34.0,-7.0,20.0,-0.09345794392523364,0.19318181818181818,-0.03082251750616734,0.11834319526627218,-10,36,-15,18,-28,34,-14,20,-0.12903225806451613,0.19318181818181818,-0.09090909090909091,0.11834319526627218,,,,,,,,,,,,,,,,,,,,,,,,,,,,,,,,,,,,,,,,,,,,,,,,,,,,,,
12,greenridge1,"Green Ridge State Forest, Maryland USA",39.6905,-78.4067,285,06/17/2016,12/31/2018,01/14/2019,"Quercus rubra, Quercus montana, Quercus velutina, Carya tomentosa",927,2016,2018,,,,,,,,,,,,,,,,,,,,,,4/29/2017,119.0,183.0,,,,5/3/2018,123.0,178.0,4.0,-5.0,-0.0273224043715847,,,,,,,,,,,,,,,,,,,,,,10/22/2016,296.0,189.0,,,,10/29/2017,302.0,186.0,7.0,-3.0,-0.015873015873015872,10/28/2018,301.0,,-1.0,,,5/3/2018,123.0,178.0,4/30,121.0,180.0,4.0,-5.0,-0.0273224043715847,4.0,-5.0,-0.0273224043715847,10/28/2018,301,186.0,10/26,299,187.0,3.0,-3.0,-0.015873015873015872,6.0,-3.0,-0.015873015873015872,3/17/2016,5/29/2011,8/30/2017,11/27/2013,77,149,242,331,99,248,119,268,-23,33,-20,38,-23,34,-37,41,-0.11607142857142858,0.23232323232323232,-0.19170984455958548,0.29285714285714287,3/25/2018,5/29/2013,9/24/2013,11/27/2013,84,149,267,331,122,243,120,268,3/25,5/24,9/11,11/26,84,146,255,331,111,241,124,260,-10,18,-15,9,-20.0,34.0,-7.0,20.0,-0.09345794392523364,0.19318181818181818,-0.03082251750616734,0.11834319526627218,-10,36,-15,18,-28,34,-14,20,-0.12903225806451613,0.19318181818181818,-0.09090909090909091,0.11834319526627218,,,,,,,,,,,,,,,,,,,,,,,,,,,,,,,,,,,,,,,,,,,,,,,,,,,,,,
13,harvard,"EMS Tower, Harvard Forest, Petersham, Massachusetts",42.5378,-72.1715,340,04/04/2008,01/13/2019,01/14/2019,"Quercus rubra, Acer rubrum, Pinus strobus",3936,2008,2018,5/4/2013,124.0,164.0,5/11/2014,131.0,159.0,7.0,-5.0,-0.03048780487804878,5/5/2015,125.0,172.0,-6.0,13.0,0.08176100628930817,5/12/2016,133.0,164.0,7.0,-8.0,-0.046511627906976744,5/10/2017,130.0,173.0,-2.0,9.0,0.054878048780487805,5/8/2018,128.0,176.0,-2.0,3.0,0.017341040462427744,10/13/2012,287.0,203.0,10/15/2013,288.0,208.0,2.0,5.0,0.024630541871921183,10/17/2014,290.0,200.0,2.0,-8.0,-0.038461538461538464,10/24/2015,297.0,201.0,7.0,1.0,0.005,10/23/2016,297.0,199.0,-1.0,-2.0,-0.009950248756218905,10/30/2017,303.0,190.0,7.0,-9.0,-0.04522613065326633,10/31/2018,304.0,,1.0,,,5/8/2018,128.0,176.0,5/8,130.0,171.0,0.0,1.1,0.0071704023057603036,0.0,11.0,0.06666666666666667,10/31/2018,304,190.0,10/26,301,197.0,1.0,-0.4444444444444444,-0.0013779642380382017,11.0,-4.0,-0.020618556701030927,3/17/2016,5/29/2011,8/30/2017,11/27/2013,77,149,242,331,99,248,119,268,-23,33,-20,38,-23,34,-37,41,-0.11607142857142858,0.23232323232323232,-0.19170984455958548,0.29285714285714287,3/25/2018,5/29/2013,9/24/2013,11/27/2013,84,149,267,331,122,243,120,268,3/25,5/24,9/11,11/26,84,146,255,331,111,241,124,260,-10,18,-15,9,-20.0,34.0,-7.0,20.0,-0.09345794392523364,0.19318181818181818,-0.03082251750616734,0.11834319526627218,-10,36,-15,18,-28,34,-14,20,-0.12903225806451613,0.19318181818181818,-0.09090909090909091,0.11834319526627218,5/2/2009,122.0,169.0,4/26/2010,116.0,171.0,-6.0,2.0,0.011834319526627219,5/7/2011,127.0,168.0,11.0,-3.0,-0.017543859649122806,5/2/2012,123.0,164.0,-5.0,-4.0,-0.023809523809523808,2.0,0.0,0.0,10/20/2008,294.0,194.0,10/18/2009,291.0,190.0,-2.0,-4.0,-0.020618556701030927,10/14/2010,287.0,205.0,-4.0,15.0,0.07894736842105263,10/22/2011,295.0,193.0,8.0,-12.0,-0.05853658536585366,-9.0,10.0,0.05181347150259067,5/8/2008,129.0,165.0,-6.0,4.0,0.024242424242424242
14,harvardlph,"LPH Tower, Harvard Forest, Petersham, Massachusetts",42.542,-72.185,380,06/15/2010,01/13/2019,01/14/2019,"Quercus rubra, Acer rubrum, Pinus strobus",3134,2010,2010,,,,,,,,,,,,,,,,,,,,,,,,,,,,,,,,,,,,,,,,,,,,,,,,,,,,,,,,,,,,,,,,,,,,,,,,,,,,,,,,,,,,,10/16/2010,289,,10/15,289,,,,,,,,3/17/2016,5/29/2011,8/30/2017,11/27/2013,77,149,242,331,99,248,119,268,-23,33,-20,38,-23,34,-37,41,-0.11607142857142858,0.23232323232323232,-0.19170984455958548,0.29285714285714287,3/25/2018,5/29/2013,9/24/2013,11/27/2013,84,149,267,331,122,243,120,268,3/25,5/24,9/11,11/26,84,146,255,331,111,241,124,260,-10,18,-15,9,-20.0,34.0,-7.0,20.0,-0.09345794392523364,0.19318181818181818,-0.03082251750616734,0.11834319526627218,-10,36,-15,18,-28,34,-14,20,-0.12903225806451613,0.19318181818181818,-0.09090909090909091,0.11834319526627218,,,,,,,,,,,,,,,,,,,,,,,,,,,,,,,,,,10/16/2010,289.0,,,,,,,,,,,,,,,,,,,
15,howland2,"North Tower (Regrowing clearcut, ca. 1990), Howland Forest, Howland, Maine",45.2128,-68.7418,79,03/30/2008,01/10/2019,01/14/2019,"Acer rubrum, Betula papyrifera, Picea rubens, Tsuga canadensis",3938,2010,2013,5/29/2013,149.0,123.0,,,,,,,,,,,,,,,,,,,,,,,,,,,,,,,9/28/2012,272.0,243.0,9/29/2013,272.0,,1.0,,,,,,,,,,,,,,,,,,,,,,,,,,,,,,,,,5/29/2013,149.0,123.0,5/24,146.0,128.0,3.0,-4.333333333333333,-0.030538762392563302,9.0,-13.0,-0.09558823529411764,9/29/2013,272,243.0,9/29,272,238.0,-1.0,2.5,0.010827407886231417,-4.0,5.0,0.02100840336134454,3/17/2016,5/29/2011,8/30/2017,11/27/2013,77,149,242,331,99,248,119,268,-23,33,-20,38,-23,34,-37,41,-0.11607142857142858,0.23232323232323232,-0.19170984455958548,0.29285714285714287,3/25/2018,5/29/2013,9/24/2013,11/27/2013,84,149,267,331,122,243,120,268,3/25,5/24,9/11,11/26,84,146,255,331,111,241,124,260,-10,18,-15,9,-20.0,34.0,-7.0,20.0,-0.09345794392523364,0.19318181818181818,-0.03082251750616734,0.11834319526627218,-10,36,-15,18,-28,34,-14,20,-0.12903225806451613,0.19318181818181818,-0.09090909090909091,0.11834319526627218,,,,5/20/2010,140.0,136.0,,,,5/29/2011,149.0,123.0,9.0,-13.0,-0.09558823529411764,5/20/2012,141.0,131.0,-9.0,8.0,0.06504065040650407,9.0,-8.0,-0.061068702290076333,,,,,,,,,,10/3/2010,276.0,238.0,,,,9/29/2011,272.0,234.0,-4.0,-4.0,-0.01680672268907563,-1.0,9.0,0.038461538461538464,,,,,,
16,hubbardbrook,"Hubbard Brook Experimental Forest, USDA Forest Service Headquarters, North Woodstock, New Hampshire",43.9438,-71.701,253,04/16/2008,01/08/2019,01/14/2019,"Betula papyrifera, Acer rubrum, Acer saccharum, Fagus grandifolia, Pinus strobus",3919,2009,2010,,,,,,,,,,,,,,,,,,,,,,,,,,,,,,,,,,,,,,,,,,,,,,,,,,,,,,,,,,,,,,,,,,,,,,,,,4/20/2010,110.0,174.0,4/24,115.0,174.0,-10.0,,,-10.0,0.0,0.0,10/21/2009,294,181.0,10/20,294,181.0,,,,,0.0,0.0,3/17/2016,5/29/2011,8/30/2017,11/27/2013,77,149,242,331,99,248,119,268,-23,33,-20,38,-23,34,-37,41,-0.11607142857142858,0.23232323232323232,-0.19170984455958548,0.29285714285714287,3/25/2018,5/29/2013,9/24/2013,11/27/2013,84,149,267,331,122,243,120,268,3/25,5/24,9/11,11/26,84,146,255,331,111,241,124,260,-10,18,-15,9,-20.0,34.0,-7.0,20.0,-0.09345794392523364,0.19318181818181818,-0.03082251750616734,0.11834319526627218,-10,36,-15,18,-28,34,-14,20,-0.12903225806451613,0.19318181818181818,-0.09090909090909091,0.11834319526627218,4/30/2009,120.0,174.0,4/20/2010,110.0,,-10.0,,,,,,,,,,,,,,,,,,,,,10/21/2009,294.0,181.0,,,,,,,,,,,,,,,,,,,,,,,,
17,lacclair,"Lac Clair, Quebec, Canada",46.95209167,-71.66957778,313,08/23/2014,01/13/2019,01/14/2019,"Acer saccharum, Betula alleghaniensis, Fagus grandifolia",1604,2014,2018,,,,,,,,,,5/14/2015,134.0,142.0,,,,5/20/2016,141.0,133.0,6.0,-9.0,-0.06338028169014084,5/17/2017,137.0,140.0,-3.0,7.0,0.05263157894736842,5/20/2018,140.0,135.0,3.0,-5.0,-0.03571428571428571,,,,,,,,,,9/25/2014,268.0,231.0,,,,10/3/2015,276.0,230.0,8.0,-1.0,-0.004329004329004329,9/30/2016,274.0,229.0,-3.0,-1.0,-0.004347826086956522,10/4/2017,277.0,228.0,4.0,-1.0,-0.004366812227074236,10/2/2018,275.0,,-2.0,,,5/20/2018,140.0,135.0,5/17,139.0,137.0,2.0,-2.3333333333333335,-0.01548766281901938,6.0,-7.0,-0.04929577464788732,10/2/2018,275,228.0,10/1,275,229.0,1.0,-1.0,-0.004347880881011695,7.0,-3.0,-0.012987012987012988,3/17/2016,5/29/2011,8/30/2017,11/27/2013,77,149,242,331,99,248,119,268,-23,33,-20,38,-23,34,-37,41,-0.11607142857142858,0.23232323232323232,-0.19170984455958548,0.29285714285714287,3/25/2018,5/29/2013,9/24/2013,11/27/2013,84,149,267,331,122,243,120,268,3/25,5/24,9/11,11/26,84,146,255,331,111,241,124,260,-10,18,-15,9,-20.0,34.0,-7.0,20.0,-0.09345794392523364,0.19318181818181818,-0.03082251750616734,0.11834319526627218,-10,36,-15,18,-28,34,-14,20,-0.12903225806451613,0.19318181818181818,-0.09090909090909091,0.11834319526627218,,,,,,,,,,,,,,,,,,,,,,,,,,,,,,,,,,,,,,,,,,,,,,,,,,,,,,
18,laurentides,"Station de biologie des Laurentides, University of Montreal, St-Hippolyte, Quebec, Canada",45.9881,-74.0055,350,09/12/2011,01/13/2019,01/14/2019,"Acer saccharum, Fagus grandifolia, Betula alleghaniensis",2680,2014,2018,,,,5/18/2014,138.0,129.0,,,,5/9/2015,129.0,141.0,-9.0,12.0,0.09302325581395349,5/21/2016,142.0,138.0,12.0,-3.0,-0.02127659574468085,5/16/2017,136.0,133.0,-5.0,-5.0,-0.036231884057971016,5/20/2018,140.0,136.0,4.0,3.0,0.022556390977443608,,,,,,,,,,9/24/2014,267.0,227.0,,,,9/27/2015,270.0,237.0,3.0,10.0,0.04405286343612335,10/6/2016,280.0,222.0,9.0,-15.0,-0.06329113924050633,9/26/2017,269.0,236.0,-10.0,14.0,0.06306306306306306,10/3/2018,276.0,,7.0,,,5/20/2018,140.0,136.0,5/16,139.0,137.0,0.0,1.75,0.014517791747186306,2.0,7.0,0.05426356589147287,10/3/2018,276,236.0,9/30,275,230.0,2.0,3.0,0.014608262419560024,9.0,9.0,0.039647577092511016,3/17/2016,5/29/2011,8/30/2017,11/27/2013,77,149,242,331,99,248,119,268,-23,33,-20,38,-23,34,-37,41,-0.11607142857142858,0.23232323232323232,-0.19170984455958548,0.29285714285714287,3/25/2018,5/29/2013,9/24/2013,11/27/2013,84,149,267,331,122,243,120,268,3/25,5/24,9/11,11/26,84,146,255,331,111,241,124,260,-10,18,-15,9,-20.0,34.0,-7.0,20.0,-0.09345794392523364,0.19318181818181818,-0.03082251750616734,0.11834319526627218,-10,36,-15,18,-28,34,-14,20,-0.12903225806451613,0.19318181818181818,-0.09090909090909091,0.11834319526627218,,,,,,,,,,,,,,,,,,,,,,,,,,,,,,,,,,,,,,,,,,,,,,,,,,,,,,
19,macleish,"Canopy forest, MacLeish Field Station, Whately, Massachusetts",42.4484,-72.6804,251,02/10/2017,01/13/2019,01/14/2019,"Acer rubra, Quercus rubra, Prunus serotina, Pinus strobus",702,2017,2018,,,,,,,,,,,,,,,,,,,,,,4/25/2017,115.0,170.0,,,,5/5/2018,125.0,159.0,10.0,-11.0,-0.06470588235294118,,,,,,,,,,,,,,,,,,,,,,,,,,,,10/12/2017,285.0,205.0,,,,10/11/2018,284.0,,-1.0,,,5/5/2018,125.0,159.0,4/29,120.0,164.0,10.0,-11.0,-0.06470588235294118,10.0,-11.0,-0.06470588235294118,10/11/2018,284,205.0,10/11,284,205.0,-1.0,,,-1.0,0.0,0.0,3/17/2016,5/29/2011,8/30/2017,11/27/2013,77,149,242,331,99,248,119,268,-23,33,-20,38,-23,34,-37,41,-0.11607142857142858,0.23232323232323232,-0.19170984455958548,0.29285714285714287,3/25/2018,5/29/2013,9/24/2013,11/27/2013,84,149,267,331,122,243,120,268,3/25,5/24,9/11,11/26,84,146,255,331,111,241,124,260,-10,18,-15,9,-20.0,34.0,-7.0,20.0,-0.09345794392523364,0.19318181818181818,-0.03082251750616734,0.11834319526627218,-10,36,-15,18,-28,34,-14,20,-0.12903225806451613,0.19318181818181818,-0.09090909090909091,0.11834319526627218,,,,,,,,,,,,,,,,,,,,,,,,,,,,,,,,,,,,,,,,,,,,,,,,,,,,,,
20,millhaft,"Norbury, Staffordshire, UK",52.800796,-2.29883,137,04/11/2015,01/14/2019,01/14/2019,Quercus petraea,1374,2016,2018,,,,,,,,,,,,,,,,,,,,,,4/19/2017,109.0,190.0,,,,5/3/2018,123.0,188.0,14.0,-2.0,-0.010526315789473684,,,,,,,,,,,,,,,,,,,,,,11/1/2016,306.0,169.0,,,,10/26/2017,299.0,189.0,-6.0,20.0,0.11834319526627218,11/7/2018,311.0,,12.0,,,5/3/2018,123.0,188.0,4/25,116.0,189.0,14.0,-2.0,-0.010526315789473684,14.0,-2.0,-0.010526315789473684,11/7/2018,311,189.0,10/31,305,179.0,3.0,20.0,0.11834319526627218,6.0,20.0,0.11834319526627218,3/17/2016,5/29/2011,8/30/2017,11/27/2013,77,149,242,331,99,248,119,268,-23,33,-20,38,-23,34,-37,41,-0.11607142857142858,0.23232323232323232,-0.19170984455958548,0.29285714285714287,3/25/2018,5/29/2013,9/24/2013,11/27/2013,84,149,267,331,122,243,120,268,3/25,5/24,9/11,11/26,84,146,255,331,111,241,124,260,-10,18,-15,9,-20.0,34.0,-7.0,20.0,-0.09345794392523364,0.19318181818181818,-0.03082251750616734,0.11834319526627218,-10,36,-15,18,-28,34,-14,20,-0.12903225806451613,0.19318181818181818,-0.09090909090909091,0.11834319526627218,,,,,,,,,,,,,,,,,,,,,,,,,,,,,,,,,,,,,,,,,,,,,,,,,,,,,,
21,missouriozarks,"University of Missouri, Ashland Wildlife Research Area, Missouri",38.7441,-92.2,219,03/05/2012,01/11/2019,01/14/2019,"uercus alba L., Quercus velutina Lam., Carya ovata (Mill.) K. Koch, Acer Saccharum Marsh., Juniperus virginiana L.",2503,2012,2018,4/29/2013,119.0,180.0,4/30/2014,120.0,173.0,1.0,-7.0,-0.03888888888888889,4/18/2015,108.0,180.0,-12.0,7.0,0.04046242774566474,4/19/2016,110.0,186.0,1.0,6.0,0.03333333333333333,4/16/2017,106.0,196.0,-3.0,10.0,0.053763440860215055,5/2/2018,122.0,175.0,16.0,-21.0,-0.10714285714285714,10/12/2012,286.0,199.0,10/26/2013,299.0,186.0,14.0,-13.0,-0.06532663316582915,10/20/2014,293.0,180.0,-6.0,-6.0,-0.03225806451612903,10/15/2015,288.0,187.0,-5.0,7.0,0.03888888888888889,10/22/2016,296.0,176.0,7.0,-11.0,-0.058823529411764705,10/29/2017,302.0,185.0,7.0,9.0,0.05113636363636364,10/24/2018,297.0,,-5.0,,,5/2/2018,122.0,175.0,4/20,112.0,184.0,6.0,-4.0,-0.018991655171201043,36.0,-24.0,-0.12060301507537688,10/24/2018,297,185.0,10/22,298,182.0,2.0,-2.8,-0.013276594913694073,12.0,-14.0,-0.07035175879396985,3/17/2016,5/29/2011,8/30/2017,11/27/2013,77,149,242,331,99,248,119,268,-23,33,-20,38,-23,34,-37,41,-0.11607142857142858,0.23232323232323232,-0.19170984455958548,0.29285714285714287,3/25/2018,5/29/2013,9/24/2013,11/27/2013,84,149,267,331,122,243,120,268,3/25,5/24,9/11,11/26,84,146,255,331,111,241,124,260,-10,18,-15,9,-20.0,34.0,-7.0,20.0,-0.09345794392523364,0.19318181818181818,-0.03082251750616734,0.11834319526627218,-10,36,-15,18,-28,34,-14,20,-0.12903225806451613,0.19318181818181818,-0.09090909090909091,0.11834319526627218,,,,,,,,,,,,,,,,3/27/2012,87.0,199.0,,,,33.0,-19.0,-0.09547738693467336,,,,,,,,,,,,,,,,,,,,,,,,,,,,,,
22,morganmonroe2,"Morgan Monroe State Forest, Indiana",39.3231,-86.4131,275,04/04/2017,01/13/2019,01/14/2019,"Acer saccharum, Quercus rubra, Quercus alba, Liriodendron tilipifera, Sassafras albidum, Carya glabra, Fagus grandifolia",649,2017,2018,,,,,,,,,,,,,,,,,,,,,,4/11/2017,101.0,207.0,,,,4/29/2018,119.0,189.0,18.0,-18.0,-0.08695652173913043,,,,,,,,,,,,,,,,,,,,,,,,,,,,11/4/2017,308.0,176.0,,,,11/4/2018,308.0,,0.0,,,4/29/2018,119.0,189.0,4/19,110.0,198.0,18.0,-18.0,-0.08695652173913043,18.0,-18.0,-0.08695652173913043,11/4/2018,308,176.0,11/3,308,176.0,0.0,,,0.0,0.0,0.0,3/17/2016,5/29/2011,8/30/2017,11/27/2013,77,149,242,331,99,248,119,268,-23,33,-20,38,-23,34,-37,41,-0.11607142857142858,0.23232323232323232,-0.19170984455958548,0.29285714285714287,3/25/2018,5/29/2013,9/24/2013,11/27/2013,84,149,267,331,122,243,120,268,3/25,5/24,9/11,11/26,84,146,255,331,111,241,124,260,-10,18,-15,9,-20.0,34.0,-7.0,20.0,-0.09345794392523364,0.19318181818181818,-0.03082251750616734,0.11834319526627218,-10,36,-15,18,-28,34,-14,20,-0.12903225806451613,0.19318181818181818,-0.09090909090909091,0.11834319526627218,,,,,,,,,,,,,,,,,,,,,,,,,,,,,,,,,,,,,,,,,,,,,,,,,,,,,,
23,morganmonroe,"Morgan Monroe State Forest, Indiana",39.3231,-86.4131,275,08/27/2008,01/13/2019,01/14/2019,"Acer saccharum, Quercus rubra, Quercus alba, Liriodendron tilipifera, Sassafras albidum, Carya glabra, Fagus grandifolia",3791,2008,2018,4/16/2013,106.0,201.0,4/24/2014,114.0,184.0,8.0,-17.0,-0.0845771144278607,4/14/2015,104.0,192.0,-10.0,8.0,0.043478260869565216,4/15/2016,106.0,197.0,1.0,5.0,0.026041666666666668,4/10/2017,100.0,207.0,-5.0,10.0,0.050761421319796954,4/26/2018,116.0,184.0,16.0,-23.0,-0.1111111111111111,10/17/2012,291.0,181.0,11/3/2013,307.0,172.0,17.0,-9.0,-0.049723756906077346,10/25/2014,298.0,171.0,-9.0,-1.0,-0.005813953488372093,10/23/2015,296.0,175.0,-2.0,4.0,0.023391812865497075,10/29/2016,303.0,163.0,6.0,-12.0,-0.06857142857142857,11/3/2017,307.0,174.0,5.0,11.0,0.06748466257668712,10/27/2018,300.0,,-7.0,,,4/26/2018,116.0,184.0,4/15,107.0,195.0,0.0,-0.1111111111111111,0.0014487749349645362,5.0,-1.0,-0.005405405405405406,10/27/2018,300,174.0,10/27,303,170.0,0.0,0.4444444444444444,0.009673815318151256,-6.0,4.0,0.023529411764705882,3/17/2016,5/29/2011,8/30/2017,11/27/2013,77,149,242,331,99,248,119,268,-23,33,-20,38,-23,34,-37,41,-0.11607142857142858,0.23232323232323232,-0.19170984455958548,0.29285714285714287,3/25/2018,5/29/2013,9/24/2013,11/27/2013,84,149,267,331,122,243,120,268,3/25,5/24,9/11,11/26,84,146,255,331,111,241,124,260,-10,18,-15,9,-20.0,34.0,-7.0,20.0,-0.09345794392523364,0.19318181818181818,-0.03082251750616734,0.11834319526627218,-10,36,-15,18,-28,34,-14,20,-0.12903225806451613,0.19318181818181818,-0.09090909090909091,0.11834319526627218,4/21/2009,111.0,185.0,4/5/2010,95.0,198.0,-16.0,13.0,0.07027027027027027,4/10/2011,100.0,203.0,5.0,5.0,0.025252525252525252,3/18/2012,78.0,213.0,-23.0,10.0,0.04926108374384237,29.0,-12.0,-0.056338028169014086,11/2/2008,307.0,170.0,10/23/2009,296.0,164.0,-10.0,-6.0,-0.03529411764705882,10/20/2010,293.0,172.0,-3.0,8.0,0.04878048780487805,10/30/2011,303.0,140.0,10.0,-32.0,-0.18604651162790697,-13.0,41.0,0.29285714285714287,,,,,,
24,NEON.D01.BART.DP1.00033,"NEON Site - D01 (Northeast) Bartlett Experimental Forest, New Hampshire - top-of-tower camera",44.063869,-71.287375,285,12/13/2016,01/14/2019,01/14/2019,"Fagus grandifolia, Tsuga canadensis, Acer pensylvanicum",762,2017,2018,,,,,,,,,,,,,,,,,,,,,,5/11/2017,131.0,144.0,,,,5/11/2018,131.0,146.0,0.0,2.0,0.013888888888888888,,,,,,,,,,,,,,,,,,,,,,,,,,,,10/2/2017,275.0,221.0,,,,10/4/2018,277.0,,2.0,,,5/11/2018,131.0,146.0,5/10,131.0,145.0,0.0,2.0,0.013888888888888888,0.0,2.0,0.013888888888888888,10/4/2018,277,221.0,10/2,276,221.0,2.0,,,2.0,0.0,0.0,3/17/2016,5/29/2011,8/30/2017,11/27/2013,77,149,242,331,99,248,119,268,-23,33,-20,38,-23,34,-37,41,-0.11607142857142858,0.23232323232323232,-0.19170984455958548,0.29285714285714287,3/25/2018,5/29/2013,9/24/2013,11/27/2013,84,149,267,331,122,243,120,268,3/25,5/24,9/11,11/26,84,146,255,331,111,241,124,260,-10,18,-15,9,-20.0,34.0,-7.0,20.0,-0.09345794392523364,0.19318181818181818,-0.03082251750616734,0.11834319526627218,-10,36,-15,18,-28,34,-14,20,-0.12903225806451613,0.19318181818181818,-0.09090909090909091,0.11834319526627218,,,,,,,,,,,,,,,,,,,,,,,,,,,,,,,,,,,,,,,,,,,,,,,,,,,,,,
25,NEON.D01.HARV.DP1.00033,"NEON Site - D01 (Northeast) Harvard Forest, Massachusetts - tower top",42.536911,-72.17265,359,12/13/2016,01/14/2019,01/14/2019,"Quercus rubra, Acer rubrum, Aralia nudicaulis",762,2017,2018,,,,,,,,,,,,,,,,,,,,,,5/15/2017,135.0,169.0,,,,5/12/2018,132.0,173.0,-3.0,4.0,0.023668639053254437,,,,,,,,,,,,,,,,,,,,,,,,,,,,10/31/2017,304.0,193.0,,,,11/1/2018,305.0,,1.0,,,5/12/2018,132.0,173.0,5/13,133.0,171.0,-3.0,4.0,0.023668639053254437,-3.0,4.0,0.023668639053254437,11/1/2018,305,193.0,10/31,304,193.0,1.0,,,1.0,0.0,0.0,3/17/2016,5/29/2011,8/30/2017,11/27/2013,77,149,242,331,99,248,119,268,-23,33,-20,38,-23,34,-37,41,-0.11607142857142858,0.23232323232323232,-0.19170984455958548,0.29285714285714287,3/25/2018,5/29/2013,9/24/2013,11/27/2013,84,149,267,331,122,243,120,268,3/25,5/24,9/11,11/26,84,146,255,331,111,241,124,260,-10,18,-15,9,-20.0,34.0,-7.0,20.0,-0.09345794392523364,0.19318181818181818,-0.03082251750616734,0.11834319526627218,-10,36,-15,18,-28,34,-14,20,-0.12903225806451613,0.19318181818181818,-0.09090909090909091,0.11834319526627218,,,,,,,,,,,,,,,,,,,,,,,,,,,,,,,,,,,,,,,,,,,,,,,,,,,,,,
26,NEON.D02.BLAN.DP1.00033,"NEON Site - D02 (Mid-Atlantic) Blandy Experimental Farm, Virginia - tower top",39.033698,-78.041788,162,12/14/2016,01/14/2019,01/14/2019,"Rhamnus davurica, Lonicera maackii, Solidago altissima",761,2017,2018,,,,,,,,,,,,,,,,,,,,,,4/4/2017,94.0,214.0,,,,4/20/2018,110.0,194.0,16.0,-20.0,-0.09345794392523364,,,,,,,,,,,,,,,,,,,,,,,,,,,,11/4/2017,308.0,167.0,,,,10/31/2018,304.0,,-4.0,,,4/20/2018,110.0,194.0,4/11,102.0,204.0,16.0,-20.0,-0.09345794392523364,16.0,-20.0,-0.09345794392523364,10/31/2018,304,167.0,11/1,306,167.0,-4.0,,,-4.0,0.0,0.0,3/17/2016,5/29/2011,8/30/2017,11/27/2013,77,149,242,331,99,248,119,268,-23,33,-20,38,-23,34,-37,41,-0.11607142857142858,0.23232323232323232,-0.19170984455958548,0.29285714285714287,3/25/2018,5/29/2013,9/24/2013,11/27/2013,84,149,267,331,122,243,120,268,3/25,5/24,9/11,11/26,84,146,255,331,111,241,124,260,-10,18,-15,9,-20.0,34.0,-7.0,20.0,-0.09345794392523364,0.19318181818181818,-0.03082251750616734,0.11834319526627218,-10,36,-15,18,-28,34,-14,20,-0.12903225806451613,0.19318181818181818,-0.09090909090909091,0.11834319526627218,,,,,,,,,,,,,,,,,,,,,,,,,,,,,,,,,,,,,,,,,,,,,,,,,,,,,,
27,NEON.D02.SCBI.DP1.00033,"NEON Site - D02 (Mid-Atlantic) Smithsonian Conservation Biology Institute, Virginia - tower top",38.892925,-78.139494,364,12/13/2016,01/14/2019,01/14/2019,"Liriodendron tulipifera, Microstegium vimineum, Juglans nigra",762,2017,2018,,,,,,,,,,,,,,,,,,,,,,4/9/2017,99.0,209.0,,,,4/22/2018,112.0,192.0,13.0,-17.0,-0.08133971291866028,,,,,,,,,,,,,,,,,,,,,,,,,,,,11/4/2017,308.0,169.0,,,,10/31/2018,304.0,,-4.0,,,4/22/2018,112.0,192.0,4/15,105.0,200.0,13.0,-17.0,-0.08133971291866028,13.0,-17.0,-0.08133971291866028,10/31/2018,304,169.0,11/1,306,169.0,-4.0,,,-4.0,0.0,0.0,3/17/2016,5/29/2011,8/30/2017,11/27/2013,77,149,242,331,99,248,119,268,-23,33,-20,38,-23,34,-37,41,-0.11607142857142858,0.23232323232323232,-0.19170984455958548,0.29285714285714287,3/25/2018,5/29/2013,9/24/2013,11/27/2013,84,149,267,331,122,243,120,268,3/25,5/24,9/11,11/26,84,146,255,331,111,241,124,260,-10,18,-15,9,-20.0,34.0,-7.0,20.0,-0.09345794392523364,0.19318181818181818,-0.03082251750616734,0.11834319526627218,-10,36,-15,18,-28,34,-14,20,-0.12903225806451613,0.19318181818181818,-0.09090909090909091,0.11834319526627218,,,,,,,,,,,,,,,,,,,,,,,,,,,,,,,,,,,,,,,,,,,,,,,,,,,,,,
28,NEON.D02.SERC.DP1.00033,"NEON Site - D02 (Mid-Atlantic) Smithsonian Environmental Research Center , top",38.89008,-76.56001,30,01/29/2016,01/14/2019,01/14/2019,"Liriodendron tulipifera, Fagus grandifolia, Lindera benzoin",1081,2016,2018,,,,,,,,,,,,,,,,3/30/2016,90.0,217.0,,,,4/14/2017,104.0,204.0,15.0,-13.0,-0.059907834101382486,4/15/2018,105.0,189.0,1.0,-15.0,-0.07352941176470588,,,,,,,,,,,,,,,,,,,,,,11/2/2016,307.0,163.0,,,,11/4/2017,308.0,162.0,2.0,-1.0,-0.006134969325153374,10/21/2018,294.0,,-14.0,,,4/15/2018,105.0,189.0,4/9,99.0,203.0,8.0,-14.0,-0.06671862293304419,16.0,-28.0,-0.12903225806451613,10/21/2018,294,162.0,10/29,303,162.0,-6.0,-1.0,-0.006134969325153374,-12.0,-1.0,-0.006134969325153374,3/17/2016,5/29/2011,8/30/2017,11/27/2013,77,149,242,331,99,248,119,268,-23,33,-20,38,-23,34,-37,41,-0.11607142857142858,0.23232323232323232,-0.19170984455958548,0.29285714285714287,3/25/2018,5/29/2013,9/24/2013,11/27/2013,84,149,267,331,122,243,120,268,3/25,5/24,9/11,11/26,84,146,255,331,111,241,124,260,-10,18,-15,9,-20.0,34.0,-7.0,20.0,-0.09345794392523364,0.19318181818181818,-0.03082251750616734,0.11834319526627218,-10,36,-15,18,-28,34,-14,20,-0.12903225806451613,0.19318181818181818,-0.09090909090909091,0.11834319526627218,,,,,,,,,,,,,,,,,,,,,,,,,,,,,,,,,,,,,,,,,,,,,,,,,,,,,,
29,NEON.D03.JERC.DP1.00033,"NEON Site - D03 (Southeast) Jones Ecological Research Center, Georgia - tower top",31.194839,-84.468623,58,12/14/2016,01/14/2019,01/14/2019,"Aristida beyrichiana, Pinus palustris, Quercus falcata",761,2017,2018,,,,,,,,,,,,,,,,,,,,,,3/24/2017,83.0,223.0,,,,3/28/2018,87.0,204.0,4.0,-19.0,-0.08520179372197309,,,,,,,,,,,,,,,,,,,,,,,,,,,,11/2/2017,306.0,146.0,,,,10/18/2018,291.0,,-15.0,,,3/28/2018,87.0,204.0,3/25,85.0,213.0,4.0,-19.0,-0.08520179372197309,4.0,-19.0,-0.08520179372197309,10/18/2018,291,146.0,10/25,298,146.0,-15.0,,,-15.0,0.0,0.0,3/17/2016,5/29/2011,8/30/2017,11/27/2013,77,149,242,331,99,248,119,268,-23,33,-20,38,-23,34,-37,41,-0.11607142857142858,0.23232323232323232,-0.19170984455958548,0.29285714285714287,3/25/2018,5/29/2013,9/24/2013,11/27/2013,84,149,267,331,122,243,120,268,3/25,5/24,9/11,11/26,84,146,255,331,111,241,124,260,-10,18,-15,9,-20.0,34.0,-7.0,20.0,-0.09345794392523364,0.19318181818181818,-0.03082251750616734,0.11834319526627218,-10,36,-15,18,-28,34,-14,20,-0.12903225806451613,0.19318181818181818,-0.09090909090909091,0.11834319526627218,,,,,,,,,,,,,,,,,,,,,,,,,,,,,,,,,,,,,,,,,,,,,,,,,,,,,,
30,NEON.D07.GRSM.DP1.00033,"NEON Site - D07 (Appalachians and Cumberland Plateau) Great Smoky Mountains National Park, Tennessee - tower top",35.68896,-83.50195,589,01/24/2017,01/13/2019,01/14/2019,"Liriodendron tulipifera, Acer rubrum, Acer pensylvanicum",719,2017,2018,,,,,,,,,,,,,,,,,,,,,,4/12/2017,102.0,205.0,,,,4/17/2018,107.0,196.0,5.0,-9.0,-0.04390243902439024,,,,,,,,,,,,,,,,,,,,,,,,,,,,11/3/2017,307.0,165.0,,,,10/30/2018,303.0,,-4.0,,,4/17/2018,107.0,196.0,4/14,104.0,200.0,5.0,-9.0,-0.04390243902439024,5.0,-9.0,-0.04390243902439024,10/30/2018,303,165.0,10/31,305,165.0,-4.0,,,-4.0,0.0,0.0,3/17/2016,5/29/2011,8/30/2017,11/27/2013,77,149,242,331,99,248,119,268,-23,33,-20,38,-23,34,-37,41,-0.11607142857142858,0.23232323232323232,-0.19170984455958548,0.29285714285714287,3/25/2018,5/29/2013,9/24/2013,11/27/2013,84,149,267,331,122,243,120,268,3/25,5/24,9/11,11/26,84,146,255,331,111,241,124,260,-10,18,-15,9,-20.0,34.0,-7.0,20.0,-0.09345794392523364,0.19318181818181818,-0.03082251750616734,0.11834319526627218,-10,36,-15,18,-28,34,-14,20,-0.12903225806451613,0.19318181818181818,-0.09090909090909091,0.11834319526627218,,,,,,,,,,,,,,,,,,,,,,,,,,,,,,,,,,,,,,,,,,,,,,,,,,,,,,
31,NEON.D07.ORNL.DP1.00033,"NEON Site - D07 (Appalachians and Cumberland Plateau) Oak Ridge, Tennessee - tower top",35.964128,-84.282588,351,12/15/2016,01/14/2019,01/14/2019,"Quercus montana, Liriodendron tulipifera, Cornus florida",760,2017,2018,,,,,,,,,,,,,,,,,,,,,,4/8/2017,98.0,195.0,,,,4/13/2018,103.0,191.0,5.0,-4.0,-0.020512820512820513,,,,,,,,,,,,,,,,,,,,,,,,,,,,10/20/2017,293.0,175.0,,,,10/21/2018,294.0,,1.0,,,4/13/2018,103.0,191.0,4/10,100.0,193.0,5.0,-4.0,-0.020512820512820513,5.0,-4.0,-0.020512820512820513,10/21/2018,294,175.0,10/20,293,175.0,1.0,,,1.0,0.0,0.0,3/17/2016,5/29/2011,8/30/2017,11/27/2013,77,149,242,331,99,248,119,268,-23,33,-20,38,-23,34,-37,41,-0.11607142857142858,0.23232323232323232,-0.19170984455958548,0.29285714285714287,3/25/2018,5/29/2013,9/24/2013,11/27/2013,84,149,267,331,122,243,120,268,3/25,5/24,9/11,11/26,84,146,255,331,111,241,124,260,-10,18,-15,9,-20.0,34.0,-7.0,20.0,-0.09345794392523364,0.19318181818181818,-0.03082251750616734,0.11834319526627218,-10,36,-15,18,-28,34,-14,20,-0.12903225806451613,0.19318181818181818,-0.09090909090909091,0.11834319526627218,,,,,,,,,,,,,,,,,,,,,,,,,,,,,,,,,,,,,,,,,,,,,,,,,,,,,,
32,NEON.D08.DELA.DP1.00033,"NEON Site - D08 (Ozarks Complex) Dead Lake, Alabama - tower top",32.541727,-87.803877,36,12/16/2016,01/13/2019,01/14/2019,"Celtis laevigata, Ligustrum sinense, Liquidambar styraciflua",758,2017,2018,,,,,,,,,,,,,,,,,,,,,,3/24/2017,83.0,229.0,,,,3/28/2018,87.0,233.0,4.0,4.0,0.017467248908296942,,,,,,,,,,,,,,,,,,,,,,,,,,,,11/8/2017,312.0,140.0,,,,11/16/2018,320.0,,8.0,,,3/28/2018,87.0,233.0,3/25,85.0,231.0,4.0,4.0,0.017467248908296942,4.0,4.0,0.017467248908296942,11/16/2018,320,140.0,11/11,316,140.0,8.0,,,8.0,0.0,0.0,3/17/2016,5/29/2011,8/30/2017,11/27/2013,77,149,242,331,99,248,119,268,-23,33,-20,38,-23,34,-37,41,-0.11607142857142858,0.23232323232323232,-0.19170984455958548,0.29285714285714287,3/25/2018,5/29/2013,9/24/2013,11/27/2013,84,149,267,331,122,243,120,268,3/25,5/24,9/11,11/26,84,146,255,331,111,241,124,260,-10,18,-15,9,-20.0,34.0,-7.0,20.0,-0.09345794392523364,0.19318181818181818,-0.03082251750616734,0.11834319526627218,-10,36,-15,18,-28,34,-14,20,-0.12903225806451613,0.19318181818181818,-0.09090909090909091,0.11834319526627218,,,,,,,,,,,,,,,,,,,,,,,,,,,,,,,,,,,,,,,,,,,,,,,,,,,,,,
33,NEON.D08.LENO.DP1.00033,"NEON Site - D08 (Ozarks Complex) Lenoir Landing, AL - top of tower",31.85388,-88.16122,10,05/06/2016,01/13/2019,01/14/2019,"Liquidambar styraciflua, Carpinus caroliniana, Ilex decidua",982,2016,2018,,,,,,,,,,,,,,,,,,,,,,3/23/2017,82.0,231.0,,,,3/29/2018,88.0,232.0,6.0,1.0,0.004329004329004329,,,,,,,,,,,,,,,,,,,,,,11/14/2016,319.0,129.0,,,,11/9/2017,313.0,140.0,-5.0,11.0,0.08527131782945736,11/16/2018,320.0,,7.0,,,3/29/2018,88.0,232.0,3/25,85.0,231.0,6.0,1.0,0.004329004329004329,6.0,1.0,0.004329004329004329,11/16/2018,320,140.0,11/12,317,134.0,1.0,11.0,0.08527131782945736,2.0,11.0,0.08527131782945736,3/17/2016,5/29/2011,8/30/2017,11/27/2013,77,149,242,331,99,248,119,268,-23,33,-20,38,-23,34,-37,41,-0.11607142857142858,0.23232323232323232,-0.19170984455958548,0.29285714285714287,3/25/2018,5/29/2013,9/24/2013,11/27/2013,84,149,267,331,122,243,120,268,3/25,5/24,9/11,11/26,84,146,255,331,111,241,124,260,-10,18,-15,9,-20.0,34.0,-7.0,20.0,-0.09345794392523364,0.19318181818181818,-0.03082251750616734,0.11834319526627218,-10,36,-15,18,-28,34,-14,20,-0.12903225806451613,0.19318181818181818,-0.09090909090909091,0.11834319526627218,,,,,,,,,,,,,,,,,,,,,,,,,,,,,,,,,,,,,,,,,,,,,,,,,,,,,,
34,NEON.D11.CLBJ.DP1.00033,"NEON Site - D11 (Southern Plains) LBJ National Grassland, Texas - tower top",33.40123,-97.57,279,02/13/2017,01/13/2019,01/14/2019,"Quercus marilandica, Schizachyrium scoparium",699,2017,2017,,,,,,,,,,,,,,,,,,,,,,3/26/2017,85.0,221.0,,,,,,,,,,,,,,,,,,,,,,,,,,,,,,,,,,,,,11/2/2017,306.0,,,,,,,,,,,3/26/2017,85.0,221.0,3/25,85.0,221.0,,,,,0.0,0.0,11/2/2017,306,,11/1,306,,,,,,,,3/17/2016,5/29/2011,8/30/2017,11/27/2013,77,149,242,331,99,248,119,268,-23,33,-20,38,-23,34,-37,41,-0.11607142857142858,0.23232323232323232,-0.19170984455958548,0.29285714285714287,3/25/2018,5/29/2013,9/24/2013,11/27/2013,84,149,267,331,122,243,120,268,3/25,5/24,9/11,11/26,84,146,255,331,111,241,124,260,-10,18,-15,9,-20.0,34.0,-7.0,20.0,-0.09345794392523364,0.19318181818181818,-0.03082251750616734,0.11834319526627218,-10,36,-15,18,-28,34,-14,20,-0.12903225806451613,0.19318181818181818,-0.09090909090909091,0.11834319526627218,,,,,,,,,,,,,,,,,,,,,,,,,,,,,,,,,,,,,,,,,,,,,,,,,,,,,,
35,nist,National Institute of Standards and Technology (NIST) forest,39.139,-77.2125,100,06/12/2017,01/13/2019,01/14/2019,,580,2017,2018,,,,,,,,,,,,,,,,,,,,,,,,,,,,4/25/2018,115.0,189.0,,,,,,,,,,,,,,,,,,,,,,,,,,,,,,,10/31/2017,304.0,176.0,,,,10/31/2018,304.0,,0.0,,,4/25/2018,115.0,189.0,4/24,115.0,189.0,,,,,0.0,0.0,10/31/2018,304,176.0,10/30,304,176.0,0.0,,,0.0,0.0,0.0,3/17/2016,5/29/2011,8/30/2017,11/27/2013,77,149,242,331,99,248,119,268,-23,33,-20,38,-23,34,-37,41,-0.11607142857142858,0.23232323232323232,-0.19170984455958548,0.29285714285714287,3/25/2018,5/29/2013,9/24/2013,11/27/2013,84,149,267,331,122,243,120,268,3/25,5/24,9/11,11/26,84,146,255,331,111,241,124,260,-10,18,-15,9,-20.0,34.0,-7.0,20.0,-0.09345794392523364,0.19318181818181818,-0.03082251750616734,0.11834319526627218,-10,36,-15,18,-28,34,-14,20,-0.12903225806451613,0.19318181818181818,-0.09090909090909091,0.11834319526627218,,,,,,,,,,,,,,,,,,,,,,,,,,,,,,,,,,,,,,,,,,,,,,,,,,,,,,
36,pace,"Virginia Forest Research Facility, Palmyra, Virginia",37.9229,-78.2739,100,03/09/2017,01/13/2019,01/14/2019,Quercus velutina,675,2017,2018,,,,,,,,,,,,,,,,,,,,,,,,,,,,4/23/2018,113.0,190.0,,,,,,,,,,,,,,,,,,,,,,,,,,,,,,,11/1/2017,305.0,173.0,,,,10/30/2018,303.0,,-2.0,,,4/23/2018,113.0,190.0,4/22,113.0,190.0,,,,,0.0,0.0,10/30/2018,303,173.0,10/30,304,173.0,-2.0,,,-2.0,0.0,0.0,3/17/2016,5/29/2011,8/30/2017,11/27/2013,77,149,242,331,99,248,119,268,-23,33,-20,38,-23,34,-37,41,-0.11607142857142858,0.23232323232323232,-0.19170984455958548,0.29285714285714287,3/25/2018,5/29/2013,9/24/2013,11/27/2013,84,149,267,331,122,243,120,268,3/25,5/24,9/11,11/26,84,146,255,331,111,241,124,260,-10,18,-15,9,-20.0,34.0,-7.0,20.0,-0.09345794392523364,0.19318181818181818,-0.03082251750616734,0.11834319526627218,-10,36,-15,18,-28,34,-14,20,-0.12903225806451613,0.19318181818181818,-0.09090909090909091,0.11834319526627218,,,,,,,,,,,,,,,,,,,,,,,,,,,,,,,,,,,,,,,,,,,,,,,,,,,,,,
37,queens,"Queen's University Biological Station, Lake Opinicon, Ontario, Canada",44.565,-76.324,126,05/26/2008,01/13/2019,01/14/2019,"Acer saccharum, Ostrya virginiana, Betula papyrifera, Pinus strobus, Thuja occidentalis",3884,2008,2013,4/30/2013,120.0,153.0,,,,,,,,,,,,,,,,,,,,,,,,,,,,,,,9/29/2012,273.0,213.0,9/30/2013,273.0,,1.0,,,,,,,,,,,,,,,,,,,,,,,,,,,,,,,,,4/30/2013,120.0,153.0,4/28,121.0,158.0,-1.0,0.25,0.0037231676812831687,-4.0,1.0,0.006578947368421052,9/30/2013,273,213.0,10/4,276,206.0,-1.0,1.5,0.007430020983905807,-9.0,6.0,0.028985507246376812,3/17/2016,5/29/2011,8/30/2017,11/27/2013,77,149,242,331,99,248,119,268,-23,33,-20,38,-23,34,-37,41,-0.11607142857142858,0.23232323232323232,-0.19170984455958548,0.29285714285714287,3/25/2018,5/29/2013,9/24/2013,11/27/2013,84,149,267,331,122,243,120,268,3/25,5/24,9/11,11/26,84,146,255,331,111,241,124,260,-10,18,-15,9,-20.0,34.0,-7.0,20.0,-0.09345794392523364,0.19318181818181818,-0.03082251750616734,0.11834319526627218,-10,36,-15,18,-28,34,-14,20,-0.12903225806451613,0.19318181818181818,-0.09090909090909091,0.11834319526627218,5/4/2009,124.0,152.0,4/24/2010,114.0,168.0,-10.0,16.0,0.10526315789473684,5/1/2011,121.0,162.0,7.0,-6.0,-0.03571428571428571,5/1/2012,122.0,151.0,0.0,-11.0,-0.06790123456790123,-1.0,2.0,0.013245033112582781,10/9/2008,283.0,207.0,10/3/2009,276.0,203.0,-6.0,-4.0,-0.01932367149758454,10/9/2010,282.0,204.0,6.0,1.0,0.0049261083743842365,10/10/2011,283.0,204.0,1.0,0.0,0.0,-11.0,9.0,0.04411764705882353,,,,,,
38,robinson2,"Fire Tower (Facing West), Robinson Forest, Kentucky",37.4671,-83.1576,483,04/07/2017,01/13/2019,01/14/2019,"Quercus alba, Quercus coccinea, Carya cordiformis, Liriodendron tulipifera",646,2017,2018,,,,,,,,,,,,,,,,,,,,,,4/16/2017,106.0,194.0,,,,4/25/2018,115.0,187.0,9.0,-7.0,-0.03608247422680412,,,,,,,,,,,,,,,,,,,,,,,,,,,,10/27/2017,300.0,180.0,,,,10/29/2018,302.0,,2.0,,,4/25/2018,115.0,187.0,4/20,110.0,190.0,9.0,-7.0,-0.03608247422680412,9.0,-7.0,-0.03608247422680412,10/29/2018,302,180.0,10/27,301,180.0,2.0,,,2.0,0.0,0.0,3/17/2016,5/29/2011,8/30/2017,11/27/2013,77,149,242,331,99,248,119,268,-23,33,-20,38,-23,34,-37,41,-0.11607142857142858,0.23232323232323232,-0.19170984455958548,0.29285714285714287,3/25/2018,5/29/2013,9/24/2013,11/27/2013,84,149,267,331,122,243,120,268,3/25,5/24,9/11,11/26,84,146,255,331,111,241,124,260,-10,18,-15,9,-20.0,34.0,-7.0,20.0,-0.09345794392523364,0.19318181818181818,-0.03082251750616734,0.11834319526627218,-10,36,-15,18,-28,34,-14,20,-0.12903225806451613,0.19318181818181818,-0.09090909090909091,0.11834319526627218,,,,,,,,,,,,,,,,,,,,,,,,,,,,,,,,,,,,,,,,,,,,,,,,,,,,,,
39,robinson,"Fire Tower, Robinson Forest, Kentucky",37.4671,-83.1576,483,04/07/2017,01/13/2019,01/14/2019,"Quercus alba, Quercus coccinea, Carya cordiformis, Liriodendron tulipifera",646,2017,2018,,,,,,,,,,,,,,,,,,,,,,,,,,,,4/21/2018,111.0,189.0,,,,,,,,,,,,,,,,,,,,,,,,,,,,,,,10/18/2017,291.0,185.0,,,,10/27/2018,300.0,,9.0,,,4/21/2018,111.0,189.0,4/20,111.0,189.0,,,,,0.0,0.0,10/27/2018,300,185.0,10/22,295,185.0,9.0,,,9.0,0.0,0.0,3/17/2016,5/29/2011,8/30/2017,11/27/2013,77,149,242,331,99,248,119,268,-23,33,-20,38,-23,34,-37,41,-0.11607142857142858,0.23232323232323232,-0.19170984455958548,0.29285714285714287,3/25/2018,5/29/2013,9/24/2013,11/27/2013,84,149,267,331,122,243,120,268,3/25,5/24,9/11,11/26,84,146,255,331,111,241,124,260,-10,18,-15,9,-20.0,34.0,-7.0,20.0,-0.09345794392523364,0.19318181818181818,-0.03082251750616734,0.11834319526627218,-10,36,-15,18,-28,34,-14,20,-0.12903225806451613,0.19318181818181818,-0.09090909090909091,0.11834319526627218,,,,,,,,,,,,,,,,,,,,,,,,,,,,,,,,,,,,,,,,,,,,,,,,,,,,,,
40,russellsage,"Russell Sage State Wildlife Management Area, near Monroe, Louisiana",32.456961,-91.974322,20,11/20/2013,01/12/2019,01/14/2019,"Quercus lyrata, Carya aquatica, Taxodium distichum, Liquidambar styraciflua, Nyssa sylvatica",1879,2014,2018,,,,4/1/2014,91.0,233.0,,,,4/1/2015,91.0,234.0,0.0,1.0,0.004291845493562232,3/27/2016,87.0,241.0,-5.0,7.0,0.029914529914529916,3/22/2017,81.0,248.0,-5.0,7.0,0.029045643153526972,3/25/2018,84.0,243.0,3.0,-5.0,-0.020161290322580645,,,,,,,,,,11/20/2014,324.0,132.0,,,,11/21/2015,325.0,127.0,1.0,-5.0,-0.03787878787878788,11/23/2016,328.0,119.0,2.0,-8.0,-0.06299212598425197,11/25/2017,329.0,120.0,2.0,1.0,0.008403361344537815,11/23/2018,327.0,,-2.0,,,3/25/2018,84.0,243.0,3/26,84.0,241.0,-1.0,2.5,0.01077268205975962,-7.0,10.0,0.04291845493562232,11/23/2018,327,120.0,11/22,328,124.0,0.0,-4.0,-0.03082251750616734,3.0,-12.0,-0.09090909090909091,3/17/2016,5/29/2011,8/30/2017,11/27/2013,77,149,242,331,99,248,119,268,-23,33,-20,38,-23,34,-37,41,-0.11607142857142858,0.23232323232323232,-0.19170984455958548,0.29285714285714287,3/25/2018,5/29/2013,9/24/2013,11/27/2013,84,149,267,331,122,243,120,268,3/25,5/24,9/11,11/26,84,146,255,331,111,241,124,260,-10,18,-15,9,-20.0,34.0,-7.0,20.0,-0.09345794392523364,0.19318181818181818,-0.03082251750616734,0.11834319526627218,-10,36,-15,18,-28,34,-14,20,-0.12903225806451613,0.19318181818181818,-0.09090909090909091,0.11834319526627218,,,,,,,,,,,,,,,,,,,,,,,,,,,,,,,,,,,,,,,,,,,,,,,,,,,,,,
41,sanford,"Sanford Natural Area, Michigan State University, East Lansing, Michigan",42.726777,-84.464482,268,12/20/2013,01/13/2019,01/14/2019,"Fagus grandifolia, Acer saccharum",1850,2014,2018,,,,,,,,,,5/1/2015,121.0,173.0,,,,5/1/2016,122.0,181.0,0.0,8.0,0.046242774566473986,4/16/2017,106.0,186.0,-15.0,5.0,0.027624309392265192,5/3/2018,123.0,177.0,17.0,-9.0,-0.04838709677419355,,,,,,,,,,10/14/2014,287.0,199.0,,,,10/21/2015,294.0,193.0,7.0,-6.0,-0.03015075376884422,10/29/2016,303.0,169.0,8.0,-24.0,-0.12435233160621761,10/19/2017,292.0,196.0,-10.0,27.0,0.15976331360946747,10/27/2018,300.0,,8.0,,,5/3/2018,123.0,177.0,4/27,117.0,179.0,0.0,1.3333333333333333,0.008493329061515209,2.0,4.0,0.023121387283236993,10/27/2018,300,196.0,10/23,298,189.0,3.0,-1.0,0.0017534094114685466,13.0,-3.0,-0.01507537688442211,3/17/2016,5/29/2011,8/30/2017,11/27/2013,77,149,242,331,99,248,119,268,-23,33,-20,38,-23,34,-37,41,-0.11607142857142858,0.23232323232323232,-0.19170984455958548,0.29285714285714287,3/25/2018,5/29/2013,9/24/2013,11/27/2013,84,149,267,331,122,243,120,268,3/25,5/24,9/11,11/26,84,146,255,331,111,241,124,260,-10,18,-15,9,-20.0,34.0,-7.0,20.0,-0.09345794392523364,0.19318181818181818,-0.03082251750616734,0.11834319526627218,-10,36,-15,18,-28,34,-14,20,-0.12903225806451613,0.19318181818181818,-0.09090909090909091,0.11834319526627218,,,,,,,,,,,,,,,,,,,,,,,,,,,,,,,,,,,,,,,,,,,,,,,,,,,,,,
42,shalehillsczo,"Susquehanna Shale Hills Critical Zone Observatory (CZO), Pennsylvania",40.6658,-77.9041,310,04/18/2012,01/13/2019,01/14/2019,"Quercus prinus, Quercus alba, Quercus rubra, Acer saccharum, Carya spp., Tsuga canadensis",2461,2012,2015,5/6/2013,126.0,153.0,5/11/2014,131.0,150.0,5.0,-3.0,-0.0196078431372549,5/5/2015,125.0,158.0,-6.0,8.0,0.05333333333333334,,,,,,,,,,,,,,,,,,,10/4/2012,278.0,214.0,10/6/2013,279.0,217.0,2.0,3.0,0.014018691588785047,10/8/2014,281.0,209.0,2.0,-8.0,-0.03686635944700461,10/10/2015,283.0,,2.0,,,,,,,,,,,,,,,,,,,,,5/5/2015,125.0,158.0,5/7,127.0,153.0,0.0,2.5,0.016862745098039218,-1.0,5.0,0.032679738562091505,10/10/2015,283,209.0,10/6,281,213.0,2.0,-2.5,-0.01142383392910978,6.0,-5.0,-0.02336448598130841,3/17/2016,5/29/2011,8/30/2017,11/27/2013,77,149,242,331,99,248,119,268,-23,33,-20,38,-23,34,-37,41,-0.11607142857142858,0.23232323232323232,-0.19170984455958548,0.29285714285714287,3/25/2018,5/29/2013,9/24/2013,11/27/2013,84,149,267,331,122,243,120,268,3/25,5/24,9/11,11/26,84,146,255,331,111,241,124,260,-10,18,-15,9,-20.0,34.0,-7.0,20.0,-0.09345794392523364,0.19318181818181818,-0.03082251750616734,0.11834319526627218,-10,36,-15,18,-28,34,-14,20,-0.12903225806451613,0.19318181818181818,-0.09090909090909091,0.11834319526627218,,,,,,,,,,,,,,,,,,,,,,,,,,,,,,,,,,,,,,,,,,,,,,,,,,,,,,
43,springfieldma,"Academy Hill School, Springfield, Massachusetts",42.135162,-72.585972,56,02/21/2012,01/13/2019,01/14/2019,,2518,2012,2015,5/5/2013,125.0,168.0,5/7/2014,127.0,173.0,2.0,5.0,0.02976190476190476,5/4/2015,124.0,171.0,-3.0,-2.0,-0.011560693641618497,,,,,,,,,,,,,,,,,,,10/19/2012,293.0,198.0,10/20/2013,293.0,199.0,1.0,1.0,0.005050505050505051,10/27/2014,300.0,189.0,7.0,-10.0,-0.05025125628140704,10/22/2015,295.0,,-5.0,,,,,,,,,,,,,,,,,,,,,5/4/2015,124.0,171.0,5/5,125.0,170.0,0.0,1.5,0.009100605560143131,-1.0,3.0,0.017857142857142856,10/22/2015,295,189.0,10/21,296,195.0,1.0,-4.5,-0.022600375615450995,3.0,-9.0,-0.045454545454545456,3/17/2016,5/29/2011,8/30/2017,11/27/2013,77,149,242,331,99,248,119,268,-23,33,-20,38,-23,34,-37,41,-0.11607142857142858,0.23232323232323232,-0.19170984455958548,0.29285714285714287,3/25/2018,5/29/2013,9/24/2013,11/27/2013,84,149,267,331,122,243,120,268,3/25,5/24,9/11,11/26,84,146,255,331,111,241,124,260,-10,18,-15,9,-20.0,34.0,-7.0,20.0,-0.09345794392523364,0.19318181818181818,-0.03082251750616734,0.11834319526627218,-10,36,-15,18,-28,34,-14,20,-0.12903225806451613,0.19318181818181818,-0.09090909090909091,0.11834319526627218,,,,,,,,,,,,,,,,,,,,,,,,,,,,,,,,,,,,,,,,,,,,,,,,,,,,,,
44,tfforest,"University of New Hampshire, Thompson Farm Observatory, Durham, New Hampshire",43.1086,-70.9505,23,12/08/2016,01/13/2019,01/14/2019,,766,2017,2018,,,,,,,,,,,,,,,,,,,,,,5/15/2017,135.0,168.0,,,,5/12/2018,132.0,165.0,-3.0,-3.0,-0.017857142857142856,,,,,,,,,,,,,,,,,,,,,,,,,,,,10/30/2017,303.0,194.0,,,,10/24/2018,297.0,,-6.0,,,5/12/2018,132.0,165.0,5/13,133.0,166.0,-3.0,-3.0,-0.017857142857142856,-3.0,-3.0,-0.017857142857142856,10/24/2018,297,194.0,10/26,300,194.0,-6.0,,,-6.0,0.0,0.0,3/17/2016,5/29/2011,8/30/2017,11/27/2013,77,149,242,331,99,248,119,268,-23,33,-20,38,-23,34,-37,41,-0.11607142857142858,0.23232323232323232,-0.19170984455958548,0.29285714285714287,3/25/2018,5/29/2013,9/24/2013,11/27/2013,84,149,267,331,122,243,120,268,3/25,5/24,9/11,11/26,84,146,255,331,111,241,124,260,-10,18,-15,9,-20.0,34.0,-7.0,20.0,-0.09345794392523364,0.19318181818181818,-0.03082251750616734,0.11834319526627218,-10,36,-15,18,-28,34,-14,20,-0.12903225806451613,0.19318181818181818,-0.09090909090909091,0.11834319526627218,,,,,,,,,,,,,,,,,,,,,,,,,,,,,,,,,,,,,,,,,,,,,,,,,,,,,,
45,turkeypointdbf,"Mature Deciduous Site, Turkey Point Carbon Cycle Research Project, Ontario, Canada",42.6353,-80.5576,211,02/10/2012,01/10/2019,01/14/2019,"Acer rubrum, Acer saccharum, Acer saccharinum, Fraxinus americana, Pinus strobus, Prunus serotina",2526,2012,2018,5/8/2013,128.0,156.0,5/22/2014,142.0,143.0,14.0,-13.0,-0.08333333333333333,5/10/2015,130.0,152.0,-12.0,9.0,0.06293706293706294,5/18/2016,139.0,149.0,8.0,-3.0,-0.019736842105263157,5/16/2017,136.0,154.0,-2.0,5.0,0.03355704697986577,5/16/2018,136.0,156.0,0.0,2.0,0.012987012987012988,10/11/2012,285.0,209.0,10/11/2013,284.0,223.0,0.0,14.0,0.06698564593301436,10/12/2014,285.0,210.0,1.0,-13.0,-0.05829596412556054,10/9/2015,282.0,222.0,-3.0,12.0,0.05714285714285714,10/14/2016,288.0,214.0,5.0,-8.0,-0.036036036036036036,10/17/2017,290.0,211.0,3.0,-3.0,-0.014018691588785047,10/19/2018,292.0,,2.0,,,5/16/2018,136.0,156.0,5/14,137.0,152.0,1.0,-0.5,-0.002076162843826111,11.0,-3.0,-0.018867924528301886,10/19/2018,292,211.0,10/14,290,214.0,1.0,0.4,0.0031555622650979763,8.0,2.0,0.009569377990430622,3/17/2016,5/29/2011,8/30/2017,11/27/2013,77,149,242,331,99,248,119,268,-23,33,-20,38,-23,34,-37,41,-0.11607142857142858,0.23232323232323232,-0.19170984455958548,0.29285714285714287,3/25/2018,5/29/2013,9/24/2013,11/27/2013,84,149,267,331,122,243,120,268,3/25,5/24,9/11,11/26,84,146,255,331,111,241,124,260,-10,18,-15,9,-20.0,34.0,-7.0,20.0,-0.09345794392523364,0.19318181818181818,-0.03082251750616734,0.11834319526627218,-10,36,-15,18,-28,34,-14,20,-0.12903225806451613,0.19318181818181818,-0.09090909090909091,0.11834319526627218,,,,,,,,,,,,,,,,5/5/2012,126.0,159.0,,,,3.0,-3.0,-0.018867924528301886,,,,,,,,,,,,,,,,,,,,,,,,,,,,,,
46,umichbiological2,"FASET Tower, University of Michigan Biological Station, near Pellston, Michigan",45.5625,-84.6976,240,11/24/2008,01/13/2019,01/14/2019,"Acer rubrum, Quercus rubra, Pinus strobus, Acer saccharum, Fagus grandifolia (all Populus and Betula killed by stem girdling in 2008)",3702,2009,2013,5/6/2013,126.0,159.0,,,,,,,,,,,,,,,,,,,,,,,,,,,,,,,9/30/2012,274.0,218.0,10/12/2013,285.0,,12.0,,,,,,,,,,,,,,,,,,,,,,,,,,,,,,,,,5/6/2013,126.0,159.0,5/5,129.0,148.0,-2.0,3.5,0.024044780175212388,-9.0,14.0,0.09655172413793103,10/12/2013,285,218.0,9/30,278,218.0,1.0,5.333333333333333,0.03168003541717383,5.0,16.0,0.07920792079207921,3/17/2016,5/29/2011,8/30/2017,11/27/2013,77,149,242,331,99,248,119,268,-23,33,-20,38,-23,34,-37,41,-0.11607142857142858,0.23232323232323232,-0.19170984455958548,0.29285714285714287,3/25/2018,5/29/2013,9/24/2013,11/27/2013,84,149,267,331,122,243,120,268,3/25,5/24,9/11,11/26,84,146,255,331,111,241,124,260,-10,18,-15,9,-20.0,34.0,-7.0,20.0,-0.09345794392523364,0.19318181818181818,-0.03082251750616734,0.11834319526627218,-10,36,-15,18,-28,34,-14,20,-0.12903225806451613,0.19318181818181818,-0.09090909090909091,0.11834319526627218,5/15/2009,135.0,145.0,4/27/2010,117.0,144.0,-18.0,-1.0,-0.006896551724137931,5/14/2011,134.0,143.0,17.0,-1.0,-0.006944444444444444,5/7/2012,128.0,146.0,-7.0,3.0,0.02097902097902098,-1.0,13.0,0.08904109589041095,,,,10/7/2009,280.0,202.0,,,,9/18/2010,261.0,238.0,-19.0,36.0,0.1782178217821782,10/4/2011,277.0,216.0,16.0,-22.0,-0.09243697478991597,-4.0,2.0,0.009259259259259259,,,,,,
47,umichbiological,"University of Michigan Biological Station, near Pellston, Michigan",45.55984,-84.71382,230,08/21/2008,01/13/2019,01/14/2019,"Populus grandidentata, Acer rubrum, Quercus rubra, Populus tremuloides, Betula papyrifera, Pinus strobus, Fagus grandifolia",3797,2009,2013,5/17/2013,137.0,153.0,,,,,,,,,,,,,,,,,,,,,,,,,,,,,,,10/12/2012,286.0,217.0,10/17/2013,290.0,,5.0,,,,,,,,,,,,,,,,,,,,,,,,,,,,,,,,,5/17/2013,137.0,153.0,5/14,136.0,148.0,0.0,-1.25,-0.006332549179111451,-1.0,-5.0,-0.03164556962025317,10/17/2013,290,217.0,10/9,285,215.0,-1.0,5.666666666666667,0.030004871316067227,-6.0,17.0,0.085,3/17/2016,5/29/2011,8/30/2017,11/27/2013,77,149,242,331,99,248,119,268,-23,33,-20,38,-23,34,-37,41,-0.11607142857142858,0.23232323232323232,-0.19170984455958548,0.29285714285714287,3/25/2018,5/29/2013,9/24/2013,11/27/2013,84,149,267,331,122,243,120,268,3/25,5/24,9/11,11/26,84,146,255,331,111,241,124,260,-10,18,-15,9,-20.0,34.0,-7.0,20.0,-0.09345794392523364,0.19318181818181818,-0.03082251750616734,0.11834319526627218,-10,36,-15,18,-28,34,-14,20,-0.12903225806451613,0.19318181818181818,-0.09090909090909091,0.11834319526627218,5/18/2009,138.0,158.0,5/11/2010,131.0,147.0,-7.0,-11.0,-0.06962025316455696,5/19/2011,139.0,141.0,8.0,-6.0,-0.04081632653061224,5/12/2012,133.0,153.0,-7.0,12.0,0.0851063829787234,5.0,0.0,0.0,,,,10/23/2009,296.0,200.0,,,,10/5/2010,278.0,226.0,-18.0,26.0,0.13,10/7/2011,280.0,218.0,2.0,-8.0,-0.035398230088495575,5.0,-1.0,-0.0045871559633027525,,,,,,
48,unca,University of North Carolina Asheville,35.5951,-82.5515,650,08/03/2016,01/13/2019,01/14/2019,,893,2016,2018,,,,,,,,,,,,,,,,,,,,,,4/10/2017,100.0,207.0,,,,4/12/2018,102.0,206.0,2.0,-1.0,-0.004830917874396135,,,,,,,,,,,,,,,,,,,,,,11/5/2016,310.0,156.0,,,,11/3/2017,307.0,160.0,-2.0,4.0,0.02564102564102564,11/4/2018,308.0,,1.0,,,4/12/2018,102.0,206.0,4/10,101.0,206.0,2.0,-1.0,-0.004830917874396135,2.0,-1.0,-0.004830917874396135,11/4/2018,308,160.0,11/3,308,158.0,0.0,4.0,0.02564102564102564,-1.0,4.0,0.02564102564102564,3/17/2016,5/29/2011,8/30/2017,11/27/2013,77,149,242,331,99,248,119,268,-23,33,-20,38,-23,34,-37,41,-0.11607142857142858,0.23232323232323232,-0.19170984455958548,0.29285714285714287,3/25/2018,5/29/2013,9/24/2013,11/27/2013,84,149,267,331,122,243,120,268,3/25,5/24,9/11,11/26,84,146,255,331,111,241,124,260,-10,18,-15,9,-20.0,34.0,-7.0,20.0,-0.09345794392523364,0.19318181818181818,-0.03082251750616734,0.11834319526627218,-10,36,-15,18,-28,34,-14,20,-0.12903225806451613,0.19318181818181818,-0.09090909090909091,0.11834319526627218,,,,,,,,,,,,,,,,,,,,,,,,,,,,,,,,,,,,,,,,,,,,,,,,,,,,,,
49,usgseros,"Earth Resources Observation and Science Center, South Dakota",43.7343,-96.6234,448,09/04/2014,01/13/2019,01/14/2019,"Andropogon gerardii, Poa pratensis, Bouteloua curtipendula, Melilotus officinalis",1592,2014,2017,,,,,,,,,,4/22/2015,112.0,162.0,,,,4/19/2016,110.0,164.0,-3.0,2.0,0.012345679012345678,5/2/2017,122.0,,13.0,,,,,,,,,,,,,,,,,,9/19/2014,262.0,215.0,,,,10/1/2015,274.0,201.0,12.0,-14.0,-0.06511627906976744,9/30/2016,274.0,214.0,-1.0,13.0,0.06467661691542288,,,,,,,,,,,,,5/2/2017,122.0,164.0,4/24,114.0,163.0,5.0,2.0,0.012345679012345678,10.0,2.0,0.012345679012345678,9/30/2016,274,214.0,9/26,270,210.0,5.0,-0.5,-0.00021983107717227918,11.0,-1.0,-0.004651162790697674,3/17/2016,5/29/2011,8/30/2017,11/27/2013,77,149,242,331,99,248,119,268,-23,33,-20,38,-23,34,-37,41,-0.11607142857142858,0.23232323232323232,-0.19170984455958548,0.29285714285714287,3/25/2018,5/29/2013,9/24/2013,11/27/2013,84,149,267,331,122,243,120,268,3/25,5/24,9/11,11/26,84,146,255,331,111,241,124,260,-10,18,-15,9,-20.0,34.0,-7.0,20.0,-0.09345794392523364,0.19318181818181818,-0.03082251750616734,0.11834319526627218,-10,36,-15,18,-28,34,-14,20,-0.12903225806451613,0.19318181818181818,-0.09090909090909091,0.11834319526627218,,,,,,,,,,,,,,,,,,,,,,,,,,,,,,,,,,,,,,,,,,,,,,,,,,,,,,
50,willamettepoplar,"Poplar Plantation, Willamette Valley, near Eugene, Oregon",44.1368,-123.1823,112,04/08/2015,09/13/2018,09/18/2018,Populus,1254,2015,2018,,,,,,,,,,,,,,,,3/30/2016,90.0,176.0,,,,4/3/2017,93.0,210.0,4.0,34.0,0.19318181818181818,4/4/2018,94.0,,1.0,,,,,,,,,,,,,,,,,,10/12/2015,285.0,170.0,,,,9/22/2016,266.0,193.0,-20.0,23.0,0.13529411764705881,10/30/2017,303.0,156.0,38.0,-37.0,-0.19170984455958548,,,,,,,4/4/2018,94.0,210.0,4/1,92.0,193.0,2.0,34.0,0.19318181818181818,5.0,34.0,0.19318181818181818,10/30/2017,303,156.0,10/11,284,173.0,9.0,-7.0,-0.028207863456263332,18.0,-14.0,-0.08235294117647059,3/17/2016,5/29/2011,8/30/2017,11/27/2013,77,149,242,331,99,248,119,268,-23,33,-20,38,-23,34,-37,41,-0.11607142857142858,0.23232323232323232,-0.19170984455958548,0.29285714285714287,3/25/2018,5/29/2013,9/24/2013,11/27/2013,84,149,267,331,122,243,120,268,3/25,5/24,9/11,11/26,84,146,255,331,111,241,124,260,-10,18,-15,9,-20.0,34.0,-7.0,20.0,-0.09345794392523364,0.19318181818181818,-0.03082251750616734,0.11834319526627218,-10,36,-15,18,-28,34,-14,20,-0.12903225806451613,0.19318181818181818,-0.09090909090909091,0.11834319526627218,,,,,,,,,,,,,,,,,,,,,,,,,,,,,,,,,,,,,,,,,,,,,,,,,,,,,,
51,willowcreek,"Willow Creek, Chequamegon-Nicolet National Forest, Wisconsin",45.805986,-90.07912,521,10/25/2011,01/13/2019,01/14/2019,"Acer saccharum, Tilia americana, Fraxinus pennsylvanica",2637,2012,2018,5/17/2013,137.0,129.0,5/23/2014,143.0,119.0,6.0,-10.0,-0.07751937984496124,5/13/2015,133.0,138.0,-10.0,19.0,0.15966386554621848,5/15/2016,136.0,138.0,2.0,0.0,0.0,5/13/2017,133.0,140.0,-2.0,2.0,0.014492753623188406,5/12/2018,132.0,141.0,-1.0,1.0,0.007142857142857143,9/21/2012,265.0,238.0,9/23/2013,266.0,242.0,2.0,4.0,0.01680672268907563,9/19/2014,262.0,236.0,-4.0,-6.0,-0.024793388429752067,9/28/2015,271.0,230.0,9.0,-6.0,-0.025423728813559324,9/30/2016,274.0,225.0,2.0,-5.0,-0.021739130434782608,9/30/2017,273.0,224.0,0.0,-1.0,-0.0044444444444444444,9/30/2018,273.0,,0.0,,,5/12/2018,132.0,141.0,5/12,133.0,139.0,0.0,0.8333333333333334,0.008718251372001443,4.0,5.0,0.03676470588235294,9/30/2018,273,224.0,9/29,273,228.0,1.0,-2.8,-0.011918793886692564,9.0,-14.0,-0.058823529411764705,3/17/2016,5/29/2011,8/30/2017,11/27/2013,77,149,242,331,99,248,119,268,-23,33,-20,38,-23,34,-37,41,-0.11607142857142858,0.23232323232323232,-0.19170984455958548,0.29285714285714287,3/25/2018,5/29/2013,9/24/2013,11/27/2013,84,149,267,331,122,243,120,268,3/25,5/24,9/11,11/26,84,146,255,331,111,241,124,260,-10,18,-15,9,-20.0,34.0,-7.0,20.0,-0.09345794392523364,0.19318181818181818,-0.03082251750616734,0.11834319526627218,-10,36,-15,18,-28,34,-14,20,-0.12903225806451613,0.19318181818181818,-0.09090909090909091,0.11834319526627218,,,,,,,,,,,,,,,,5/8/2012,129.0,136.0,,,,9.0,-7.0,-0.051470588235294115,,,,,,,,,,,,,,,,,,,,,,,,,,,,,,
